id,domain,status,purchase_price,renewal_price,attractiveness,demand,length,registrar,created_at,expires_at,status_verified_at
a5a87d35-4491-4430-85c7-9d5ef8ca07d7,creates.rocks,available,11.99,21.99,medium,low,7,namesilo,,,25/09/2026 23:26
8486ee8e-5307-4c2c-a9a9-5ce0a6e689e7,mutation.rocks,available,5.99,27.99,high,low,8,name.com,,,03/09/2026 11:41
e53d215a-a5a9-4b10-b464-29e98542e3d5,slopped.rocks,available,5.99,27.99,low,low,7,name.com,,,09/08/2026 15:45
409f30ac-771f-4a26-b91e-8608dfe3fc7b,augend.rocks,available,11.99,21.99,medium,low,6,namesilo,,,21/09/2026 03:16
22b244e3-326a-4dcf-9bed-2d7d209a24e3,prolonged.rocks,available,5.99,27.99,high,low,9,name.com,,,14/08/2026 18:34
0280079d-f75d-4dd4-83b1-cad955c4de45,aquitaine.rocks,available,7.98,29.98,high,low,9,namecheap,,,19/09/2026 23:17
fb01f621-2daf-4442-b652-5bab2a6a7dac,recycled.rocks,available,11.99,21.99,high,low,8,namesilo,,,27/09/2026 06:59
24cf39ce-ec1e-4549-9cdc-651d80216243,qaeda.rocks,available,11.99,21.99,medium,low,5,namesilo,,,18/09/2026 00:59
c41ed3a1-d08f-46fc-b9f1-9d24b0fc01e5,consort.rocks,available,11.99,21.99,high,low,7,namesilo,,,16/09/2026 22:56
99308674-0fdb-4480-a4ae-76a234a32dc5,montgomery.rocks,premium,118.8,118.8,high,low,10,namesilo,,,16/09/2026 12:22
0cd5d563-0147-4df0-9752-33ff6be3c1d9,undogmatic.rocks,available,5.99,27.99,medium,low,10,name.com,,,18/08/2026 14:50
615bf079-f7ac-4ba9-9c4b-4aac3da9415a,appliance.rocks,available,11.99,21.99,high,low,9,namesilo,,,19/09/2026 21:44
0057860f-0dc8-43ce-819e-b76c248d136b,technique.rocks,available,12.99,,high,low,9,name.com,,,
df69bb84-6cb2-4d16-b6f7-b893fbe0e99d,galax.rocks,available,11.99,21.99,medium,low,5,namesilo,,,23/09/2026 01:54
bab4e881-5c09-4fdb-aa4e-fa10f158c6de,beldam.rocks,available,11.99,21.99,medium,low,6,namesilo,,,23/09/2026 04:45
3c394156-59da-46be-a182-0419df0f7361,bottomless.rocks,available,5.99,27.99,high,low,10,name.com,,,10/08/2026 21:21
336fb7f3-af95-471b-8238-7d71c3882ac7,westhill.rocks,available,12.99,,medium,low,9,name.com,,,
16ba8ba9-666b-4fb4-8334-5619adf5c734,eater.rocks,available,7.98,29.98,high,low,5,namecheap,,,19/09/2026 09:42
2c4357e6-6f99-4056-8340-0dde535563dc,weak.rocks,available,11.99,21.99,high,low,4,namesilo,,,24/09/2026 04:57
b131e620-d0c0-4be5-bc8b-e9f2f2420c30,portly.rocks,available,7.98,29.98,medium,low,6,namecheap,,,09/09/2026 00:02
4e60c2d8-49b1-42ca-b6a4-c9f71c2175c5,halting.rocks,available,5.99,27.99,medium,low,7,name.com,,,13/08/2026 07:02
84245015-a82f-423a-9294-ce4763173b2e,occult.rocks,available,7.98,29.98,high,low,6,namecheap,,,03/09/2026 12:26
afca8275-0994-463a-bb27-13b459b0808b,germicidal.rocks,available,5.99,27.99,medium,low,10,name.com,,,08/08/2026 07:07
bc14f696-91b0-4901-bbcf-66b961bcd150,sophomore.rocks,available,7.98,29.98,high,low,9,namecheap,,,10/09/2026 14:17
c59b612b-2f7c-4d8d-8312-20f68f6b3881,unbiased.rocks,available,7.98,29.98,high,low,8,namecheap,,,12/09/2026 01:52
93803eec-9457-4601-9ae5-6b8859ac98d2,applicant.rocks,available,11.99,21.99,high,low,9,namesilo,,,19/09/2026 21:53
fbcc5871-5555-476a-ad59-e6c8b5abf951,decision.rocks,available,11.99,21.99,high,low,8,namesilo,,,24/09/2026 17:06
7e44a1ac-13ab-474d-aecf-4a715d17a0f8,ventura.rocks,resell,,,high,low,7,"Name.com, Inc.",01/06/2015 19:24,01/06/2027 19:24,26/09/2026 09:57
7a3dcc5a-e6ad-488d-9fa4-feebccc4031e,lack.rocks,available,11.99,21.99,high,low,4,namesilo,,,27/09/2026 03:43
827e29f2-f6e1-4dfe-b487-9269f551082f,abysmal.rocks,available,5.99,27.99,medium,low,7,name.com,,,
a4103070-d2d7-4f3f-afef-4ac06b65ec9c,footing.rocks,available,11.99,21.99,high,low,7,namesilo,,,22/09/2026 11:02
0dd5fdad-9ec8-4a58-b344-11293194b5f4,zestful.rocks,available,5.99,27.99,high,low,7,name.com,,,08/08/2026 19:51
db398237-11b5-455b-9ed8-54e4b9cdaf4f,skulls.rocks,available,11.99,21.99,medium,low,6,namesilo,,,20/09/2026 10:31
ec73d7ee-f7c5-4ff3-9937-a973a7ffd46d,suspicious.rocks,available,5.99,27.99,medium,low,10,name.com,,,22/08/2026 22:28
f49311bc-a6af-4ccc-a843-8d4ab265bbde,skimpy.rocks,available,7.98,29.98,high,low,6,namecheap,,,10/09/2026 09:36
fd5eeef2-04f7-4251-a504-f83bfc450dd6,motherly.rocks,available,5.99,27.99,high,low,8,name.com,,,25/08/2026 07:06
469660d0-cf8e-4455-ab3d-fe834a2f6305,banger.rocks,available,11.99,21.99,high,low,6,namesilo,,,22/09/2026 01:46
55e2861c-7708-48c8-805f-f0dca2a97b02,hypotonic.rocks,available,5.99,27.99,medium,low,9,name.com,,,21/08/2026 17:19
834a29eb-a16f-4a85-a4a1-9669e1d75f8d,smiths.rocks,available,7.98,29.98,medium,low,6,namecheap,,,19/09/2026 22:24
f069e8b4-7f17-47f6-839b-5e6d142e33e6,shannon.rocks,available,7.98,29.98,high,low,7,namecheap,,,25/09/2026 04:16
cda21ce1-2ab1-47b5-a16f-4dd2efce3cd0,proficiency.rocks,available,12.99,,high,low,11,name.com,,,
4e4a0e59-f1d9-4655-b285-724a4c23b1bc,streisand.rocks,available,7.98,29.98,high,low,9,namecheap,,,22/09/2026 05:03
7802e101-ab0b-4107-bb9c-e373fe449cf8,comfort.rocks,available,7.98,29.98,high,low,7,namecheap,,,24/09/2026 16:25
71d5d242-eee6-498b-8155-df470d2a0bb9,undigested.rocks,available,7.98,29.98,medium,low,10,namecheap,,,12/09/2026 08:01
492a2eda-40b3-4ca7-93d2-d1e4bd94ac27,legibility.rocks,available,7.98,29.98,high,low,10,namecheap,,,24/09/2026 22:31
34399d09-4f1d-453c-8e35-b0ab36e15e73,patched.rocks,available,7.98,29.98,high,low,7,namecheap,,,08/09/2026 10:18
bf2678ba-69d0-4b31-bc8e-39145b8e1b3f,maoist.rocks,available,5.99,27.99,medium,low,6,name.com,,,24/08/2026 15:38
2c1c8317-0204-4932-b39a-ca5f5aaf4b00,banyan.rocks,available,11.99,21.99,high,low,6,namesilo,,,22/09/2026 02:04
8923c31b-acd6-426c-b5ad-a8faee39669a,outgoing.rocks,available,5.99,27.99,high,low,8,name.com,,,18/08/2026 12:37
0267304d-a650-4acc-9063-69b87a220863,unrefined.rocks,available,5.99,27.99,medium,low,9,name.com,,,12/09/2026 17:28
8e0e772f-114f-4fdf-8eb6-71a09cb00bb7,lyrate.rocks,available,5.99,27.99,medium,low,6,name.com,,,24/08/2026 12:39
859ab1f0-b47f-4c02-a585-ff35b95de62f,bankrupt.rocks,available,5.99,27.99,medium,low,8,name.com,,,08/08/2026 13:29
e10137fa-a320-4e67-abeb-06c59d638b38,dementia.rocks,available,11.99,21.99,high,low,8,namesilo,,,24/09/2026 21:47
1e738b66-3d30-4bf1-b597-d06aab3a1d1e,vaughn.rocks,available,11.99,21.99,high,low,6,namesilo,,,27/09/2026 11:16
d854df6c-8e87-4a82-9895-9eb65fc8d94d,barrie.rocks,available,11.99,21.99,medium,low,6,namesilo,,,22/09/2026 08:37
1f10e1cd-5366-4080-9cc8-820a9268c330,dormant.rocks,available,5.99,27.99,high,low,7,name.com,,,
5e5a5772-d974-4696-bacf-336ce827d335,isotonic.rocks,available,5.99,27.99,medium,low,8,name.com,,,22/08/2026 11:18
d5a59808-9c4d-425e-9201-0d6443f6375d,calculations.rocks,available,11.99,21.99,medium,low,12,namesilo,,,17/09/2026 02:07
169790cf-97a2-477f-ace4-0a54fc416ad0,basileus.rocks,available,7.98,29.98,medium,low,8,namecheap,,,22/09/2026 10:47
236053cf-1fa7-41b7-b4b5-40d569494034,munition.rocks,available,7.98,29.98,medium,low,8,namecheap,,,20/09/2026 07:44
430a3d46-2ad5-4781-8528-fa03c1bf7011,bsarch.rocks,available,11.99,21.99,medium,low,6,namesilo,,,21/09/2026 14:16
d771c60b-5128-41a6-b899-78205161d901,irritation.rocks,available,5.99,27.99,high,low,10,name.com,,,
678a7cde-a4c0-44b5-bdb1-24f7397951ae,binding.rocks,available,7.98,29.98,high,low,7,namecheap,,,22/09/2026 20:51
60c4cd93-0dab-4df9-9526-7cb4765d140f,carping.rocks,available,5.99,27.99,medium,low,7,name.com,,,18/08/2026 00:03
227a1a3f-73c7-42f9-b69b-6341f0f9b536,ruin.rocks,available,5.99,27.99,high,low,4,name.com,,,08/08/2026 13:39
2884987e-72c9-4e7f-9859-efbe9c5075f1,prison.rocks,available,12.99,,high,low,6,name.com,,,
8e63b9db-3fb5-48f3-930f-790bf2ef6080,protester.rocks,available,5.99,27.99,medium,low,9,name.com,,,14/08/2026 12:41
4185b04d-4901-47cf-b8ce-c19603e1b3d9,rented.rocks,available,7.98,29.98,medium,low,6,namecheap,,,17/09/2026 18:45
4241e9dd-aa07-4bc6-8b29-635e541b9403,begetter.rocks,available,11.99,21.99,medium,low,8,namesilo,,,23/09/2026 02:08
cb1db821-8e05-4907-b2dc-b46a3e5b819e,advisable.rocks,available,5.99,27.99,high,low,9,name.com,,,
fee79bcd-ed68-49ce-8fbf-fd7692e75597,dizzily.rocks,available,7.98,29.98,medium,low,7,namecheap,,,14/09/2026 13:29
28f06e2d-2576-433e-9441-a7c91cb17a81,balmoral.rocks,available,11.99,21.99,high,low,8,namesilo,,,21/09/2026 23:39
b7f7789b-7b2e-4ec6-a77f-16b99ec94218,stunningly.rocks,available,11.99,21.99,medium,low,10,namesilo,,,16/09/2026 06:09
f87c3d64-7ade-418d-8a72-3f756ebc1d00,slammer.rocks,available,7.98,29.98,medium,low,7,namecheap,,,08/09/2026 22:49
8aa1ff36-9c12-44bc-b924-c07862764304,waning.rocks,available,7.98,29.98,medium,low,6,namecheap,,,13/09/2026 08:04
483e883a-4cf7-43d5-aa48-e099b04c10b9,tauten.rocks,available,5.99,27.99,medium,low,6,name.com,,,18/08/2026 05:16
89c6b216-3324-458a-829f-f31f59a695a5,error.rocks,available,11.99,21.99,high,low,5,namesilo,,,24/09/2026 16:56
7ec04b39-3bc1-4896-a30e-b0b4ed23dca6,mirthful.rocks,available,5.99,27.99,high,low,8,name.com,,,12/08/2026 19:00
39143b83-dea7-4a78-bbca-631be3b0116d,castled.rocks,available,5.99,27.99,medium,low,7,name.com,,,11/08/2026 20:28
ffeca95a-3dc6-4d44-a7a2-3d1df0feeb0b,boyle.rocks,available,11.99,21.99,high,low,5,namesilo,,,25/09/2026 02:02
2224e248-0d19-4144-b537-615a032cce2d,stared.rocks,available,11.99,21.99,medium,low,6,namesilo,,,18/09/2026 02:18
4543fd8c-1d56-4348-8ad1-26f03251c2ca,comparable.rocks,available,11.99,21.99,high,low,10,namesilo,,,23/09/2026 16:34
4455b201-0cca-494d-9a69-fe8792f40a68,tricuspid.rocks,available,7.98,29.98,medium,low,9,namecheap,,,11/09/2026 19:29
c0e24ca9-3eb3-41c3-81cd-f3f5c5c5dd30,digestive.rocks,available,5.99,27.99,high,low,9,name.com,,,24/08/2026 15:24
d2464653-2fc8-4892-8cae-e60fb6c65d54,spiraling.rocks,available,5.99,27.99,medium,low,9,name.com,,,12/08/2026 16:12
64e97151-818d-4b49-b2c8-80131d4acd14,sprinkle.rocks,available,7.98,29.98,high,low,8,namecheap,,,15/09/2026 20:15
8d28e60b-4734-463a-95c3-85b2623dcb2f,berkelium.rocks,available,11.99,21.99,medium,low,9,namesilo,,,21/09/2026 00:14
5a1e7661-089a-44f5-9d60-4ee6428a3fd6,insightful.rocks,available,5.99,27.99,high,low,10,name.com,,,22/08/2026 07:06
54d1570e-3150-4cf5-9375-f9c36b859ae0,liquefied.rocks,available,5.99,27.99,medium,low,9,name.com,,,23/08/2026 22:01
7c381063-9ac5-4d36-9e0a-cfcf10becd78,cheekbone.rocks,available,7.98,29.98,high,low,9,namecheap,,,13/09/2026 15:41
b57a003f-b55c-48b8-b8e4-eb45a57e4e37,confucian.rocks,available,5.99,27.99,high,low,9,name.com,,,12/08/2026 21:15
065b7862-3561-4466-8d94-e3d3b039a8ce,textual.rocks,available,7.98,29.98,high,low,7,namecheap,,,11/09/2026 12:20
a2f0ca22-2eeb-43ed-bd6b-f567b2892903,frostbite.rocks,available,7.98,29.98,high,low,9,namecheap,,,24/09/2026 19:56
9c3d68ab-db9a-4c24-b7ff-36e49833fbc7,natural.rocks,available,12.99,,high,low,7,name.com,,,
c5d53c30-921b-4d80-889a-d4760022302a,olson.rocks,available,11.99,21.99,medium,low,5,namesilo,,,27/09/2026 01:46
4a5ad660-6eae-459c-97f6-6ea7e15e1d1c,shirley.rocks,available,7.98,29.98,high,low,7,namecheap,,,25/09/2026 13:56
27cbff37-5547-42e0-8497-5690159ddda7,armistice.rocks,available,11.99,21.99,medium,low,9,namesilo,,,20/09/2026 07:13
32533bad-9a3d-436b-a1e1-aedb4f2fd137,aspirin.rocks,available,,,high,medium,7,,,,
64f12c38-153b-4171-bc0e-a6cc3b32e138,carrier.rocks,available,12.99,,high,low,7,name.com,,,
39a08561-709b-4edb-824d-3b42d63681e4,lessons.rocks,available,7.98,29.98,medium,low,7,namecheap,,,25/09/2026 19:53
1d82e821-f23c-49fd-a1ed-f33847c8725e,docile.rocks,available,5.99,27.99,medium,low,6,name.com,,,14/08/2026 14:17
8f28e8e1-c099-43f4-9734-1c8429748c34,blanquillo.rocks,available,11.99,21.99,medium,low,10,namesilo,,,24/09/2026 04:04
d735b730-87b9-4b36-be7c-2fdc4c9d77d0,motorist.rocks,available,11.99,21.99,high,low,8,namesilo,,,21/09/2026 07:26
b98ee4c5-90ea-448e-99f2-9c6298582897,reads.rocks,available,11.99,21.99,medium,low,5,namesilo,,,19/09/2026 00:45
658fa870-5d57-41b1-aede-3ef3824bba8f,apostasy.rocks,available,7.98,29.98,medium,low,8,namecheap,,,19/09/2026 19:16
133fa7f2-59d9-4fc0-8dff-7c40150f711a,aright.rocks,available,7.98,29.98,high,low,6,namecheap,,,13/09/2026 20:49
d1a36a72-d62a-4170-ad5e-ec9f7662fea3,margaret.rocks,available,5.99,27.99,high,low,8,name.com,,,25/09/2026 18:23
c7d9f5a7-b6b7-4898-9647-c81918d4d283,receive.rocks,available,12.99,,high,low,7,name.com,,,
58867579-5a12-42a1-89e6-a18eb9d7a339,allison.rocks,available,7.98,29.98,medium,low,7,namecheap,,,25/09/2026 17:48
f6c7467a-b4bf-4d99-b9a4-ce2b895a53cc,worry.rocks,available,12.99,,high,low,5,name.com,,,
0de16b18-fd4f-45bc-aea3-86e8bd5f6a99,selection.rocks,available,5.99,27.99,high,low,9,name.com,,,12/08/2026 06:37
8263ee5b-88b9-49b3-b1ba-9dcd2bcfe65d,immovable.rocks,available,5.99,27.99,medium,low,9,name.com,,,21/08/2026 21:17
ecbe5de4-4ca6-4fdd-b164-9c345a635047,tommyrot.rocks,available,11.99,21.99,medium,low,8,namesilo,,,21/09/2026 23:53
e3cfe466-208d-463c-88f4-73676b149029,estonian.rocks,available,5.99,27.99,high,low,8,name.com,,,17/08/2026 13:27
63bcd71d-7b8e-4ba1-bbdd-69f6664d61d9,connective.rocks,available,5.99,27.99,high,low,10,name.com,,,12/08/2026 22:16
d201eb9b-a9fe-496a-a8ad-2dc8ac4a4c8d,smarmy.rocks,available,5.99,27.99,medium,low,6,name.com,,,11/08/2026 11:46
9eef9565-7e84-4942-aa99-738906e4c6ba,perform.rocks,available,12.99,,high,low,7,name.com,,,
58da0f49-ce4f-4828-a7a8-fb86ed78edf1,nonfat.rocks,available,5.99,27.99,medium,low,6,name.com,,,17/08/2026 23:23
335e44d7-2f93-4b91-b264-310b9da9a0a6,joined.rocks,available,7.98,29.98,high,low,6,namecheap,,,25/09/2026 11:54
085fa11d-1b8b-4575-8b67-a68b6a5271d1,bowen.rocks,available,7.98,29.98,high,low,5,namecheap,,,25/09/2026 12:42
e906b770-7740-49d4-a322-7d5ec4a97d06,windless.rocks,available,7.98,29.98,medium,low,8,namecheap,,,13/09/2026 12:14
5ab23463-4628-4338-8efa-e85a86368ce6,evenhanded.rocks,available,5.99,27.99,high,low,10,name.com,,,17/08/2026 14:52
96b5f5e6-ce5d-4496-9583-c4dc9a6ae010,braille.rocks,available,11.99,21.99,high,low,7,namesilo,,,24/09/2026 08:01
729e55ce-5858-490c-b6fe-06bd47780bf5,thematic.rocks,available,7.98,29.98,high,low,8,namecheap,,,11/09/2026 12:43
dea92b2f-2613-44eb-ab1b-52f7660e442d,flinty.rocks,available,5.99,27.99,high,low,6,name.com,,,18/08/2026 08:18
f96e5976-4d95-46d1-a00d-131376ba0866,maintain.rocks,available,12.99,,high,low,8,name.com,,,
04de74c0-7e0a-4606-90fe-fc280f80e781,betise.rocks,available,11.99,21.99,medium,low,6,namesilo,,,23/09/2026 11:18
e25d529c-a51c-46bc-988a-ae21d1118d9b,banister.rocks,available,5.99,27.99,medium,low,8,name.com,,,22/09/2026 00:28
1a31661d-cd43-4274-ba14-16fef5fb9472,programme.rocks,available,11.99,21.99,high,low,9,namesilo,,,24/09/2026 16:59
d26a9618-c6d8-4ed8-af6b-a7c8a259079e,copperhead.rocks,available,7.98,29.98,medium,low,10,namecheap,,,17/09/2026 18:16
11622e08-f4d2-4449-9622-8b07fc14447c,parochial.rocks,available,7.98,29.98,medium,low,9,namecheap,,,08/09/2026 01:46
fd5df571-511d-4d71-b438-96d2c56e682d,creditable.rocks,available,5.99,27.99,high,low,10,name.com,,,13/08/2026 05:54
676316b8-2414-4d4c-84ba-f7dd94759d4d,apiece.rocks,available,5.99,27.99,high,low,6,name.com,,,14/08/2026 22:12
39ec7272-9783-419b-99b5-47771599b222,germfree.rocks,available,5.99,27.99,medium,low,8,name.com,,,18/08/2026 22:48
5c07f8df-c9bc-450d-8b9d-1abe2f30519a,perdurable.rocks,available,7.98,29.98,medium,low,10,namecheap,,,08/09/2026 16:24
fca24103-5c69-468c-8dd4-f78bc9987b92,sixth.rocks,available,5.99,27.99,high,low,5,name.com,,,
ff020ac3-c14b-498b-b1be-6678e9ec25f0,ascription.rocks,available,11.99,21.99,medium,low,10,namesilo,,,20/09/2026 13:27
1f5128cd-ec27-4da6-ae16-f6ae1652255e,petitioner.rocks,available,7.98,29.98,medium,low,10,namecheap,,,11/09/2026 03:30
6fa670bf-05db-4ba5-9931-c18624bdae31,acerb.rocks,available,5.99,27.99,medium,low,5,name.com,,,
16d589e3-a25e-4115-9a20-94ca81943f21,mucky.rocks,available,5.99,27.99,medium,low,5,name.com,,,10/08/2026 17:06
72168a68-a57f-4a87-a4c5-bbaf878dcd30,lust.rocks,available,12.99,,high,low,4,name.com,,,
5b872c4d-764b-4e97-92c2-af135844d092,laptop.rocks,available,12.99,,high,low,6,name.com,,,
4075596e-7fc5-4017-83b4-6eed837d93c2,astringent.rocks,available,5.99,27.99,medium,low,10,name.com,,,
170407ac-5de2-4e40-a1fc-7a86d34874b9,monetary.rocks,available,7.98,29.98,high,low,8,namecheap,,,25/09/2026 21:29
84ec4a63-11f4-4406-9627-5a8255d21397,quadrate.rocks,available,7.98,29.98,high,low,8,namecheap,,,09/09/2026 07:17
25d2d838-8f33-49c9-b552-e1688b8b86db,abducent.rocks,available,5.99,27.99,medium,low,8,name.com,,,
92112cee-22db-47e2-b246-d3d24b822c9f,singing.rocks,available,5.99,27.99,high,low,7,name.com,,,11/08/2026 17:40
ddf62c42-8aa2-4048-a472-536da7fff0c3,concession.rocks,available,11.99,21.99,high,low,10,namesilo,,,24/09/2026 17:04
d5ee2dcc-eb2c-470c-9769-5081df875c7a,asymptotic.rocks,available,5.99,27.99,medium,low,10,name.com,,,07/08/2026 10:30
8a414d6a-7159-4884-811f-2395e8038a20,unstuck.rocks,available,7.98,29.98,medium,low,7,namecheap,,,12/09/2026 20:40
eff0b4e5-c896-4d7a-b9f4-d9226a16d82c,avocation.rocks,available,11.99,21.99,high,low,9,namesilo,,,21/09/2026 09:37
ac6f3d5f-7cdf-4aea-8b30-a2faa21b34c0,comments.rocks,available,11.99,21.99,medium,low,8,namesilo,,,17/09/2026 01:39
4597ae28-2047-4a6f-9a04-de543d8d9285,belladonna.rocks,available,11.99,21.99,high,low,10,namesilo,,,21/09/2026 00:55
e24dbe07-0836-4f5b-b115-277245b8d96d,trilingual.rocks,available,7.98,29.98,high,low,10,namecheap,,,11/09/2026 19:48
26dd8717-e4c9-4cc5-88ca-2bb366164cce,palpebrate.rocks,available,7.98,29.98,medium,low,10,namecheap,,,05/09/2026 00:15
fde06c39-8bfd-4781-aad8-e5a33109e858,dumbstruck.rocks,available,5.99,27.99,medium,low,10,name.com,,,14/08/2026 21:06
0fa15f6a-cbaa-40e3-b49c-f821a88c7d9b,prizes.rocks,available,11.99,21.99,high,low,6,namesilo,,,20/09/2026 04:19
846a6f3c-1e4f-427f-8354-7cdfdc63e5a9,stupid.rocks,premium,78.54,78.54,high,low,6,namesilo,,,
ebd3a0b7-3565-423b-b889-d0ab9f72b3c6,burping.rocks,available,7.98,29.98,medium,low,7,namecheap,,,23/09/2026 04:38
680f30de-5cd7-46ab-ad5a-3b7d62383492,dighted.rocks,available,5.99,27.99,low,low,7,name.com,,,14/08/2026 07:17
66c2fd52-9c15-4ee5-bcf1-2f9ecb6c38bb,denied.rocks,available,11.99,21.99,low,low,6,namesilo,,,27/09/2026 02:21
c09fa94e-502a-4ab5-9763-e5275996d0a3,calced.rocks,available,5.99,27.99,medium,low,6,name.com,,,11/08/2026 13:41
5065fab8-bd0c-4b2a-bb07-6717e9d110d1,victuals.rocks,available,5.99,27.99,medium,low,8,name.com,,,12/08/2026 18:52
f641d72f-94b5-4593-8d9e-08a551b4dde6,cheat.rocks,available,5.99,27.99,high,low,5,name.com,,,12/08/2026 03:31
0fa5549a-114e-47d7-baca-ca39a3cb5c79,clothed.rocks,available,5.99,27.99,high,low,7,name.com,,,12/08/2026 09:12
d086b50a-1310-4e6b-b3c1-85052d66c2d3,bitters.rocks,available,11.99,21.99,high,low,7,namesilo,,,23/09/2026 23:09
70ab736b-126f-4590-89c7-f62e099ec0c2,handwoven.rocks,available,5.99,27.99,medium,low,9,name.com,,,20/08/2026 23:19
dacceefc-a7b3-425d-8c63-9d1b97597bec,cloudberry.rocks,available,7.98,29.98,medium,low,10,namecheap,,,21/09/2026 20:03
8f3c23c9-9771-487a-9c22-f9eb0614eb8c,jinxed.rocks,available,5.99,27.99,medium,low,6,name.com,,,21/08/2026 07:53
eb0917ce-acc2-4c9c-8bf0-ec9ab5e4d82d,indeed.rocks,available,,,high,high,6,,,,
50588d91-e94c-4312-96ab-ba6843667bdd,toe.rocks,available,,,medium,low,3,,,,
dfce7835-6297-4a65-8f04-b57bd62e417e,nonsteroid.rocks,available,7.98,29.98,medium,low,10,namecheap,,,03/09/2026 20:43
b049417e-822b-4e5c-8085-d213dbfff5d1,basle.rocks,available,7.98,29.98,medium,low,5,namecheap,,,22/09/2026 10:14
898a71f1-53d3-47f5-b883-bbbe0c95bb5a,alternative.rocks,premium,118.8,118.8,high,low,11,namesilo,,,26/09/2026 00:42
5dd1c61b-7923-40e8-a189-e8aa078d0f50,alcaeus.rocks,available,11.99,21.99,medium,low,7,namesilo,,,18/09/2026 03:40
ede05df4-22e1-4052-9ba9-0c912f314891,anybody.rocks,available,12.99,,medium,low,7,name.com,,,
5d05d44e-0159-4fd2-a201-42f58283713e,descriptions.rocks,available,11.99,21.99,medium,low,12,namesilo,,,21/09/2026 07:06
39723088-8898-41a6-bf12-d3a66434a5ec,studded.rocks,available,7.98,29.98,medium,low,7,namecheap,,,10/09/2026 22:57
06cf040f-24e3-4545-b55c-c451f0f30f04,structures.rocks,available,12.99,,medium,low,10,name.com,,,
79565068-9583-4ca8-a001-1c0f425bbc35,mottled.rocks,available,5.99,27.99,medium,low,7,name.com,,,13/08/2026 17:41
b067acca-ff79-429a-b1b9-9b65f0a63ca2,colbert.rocks,available,11.99,21.99,medium,low,7,namesilo,,,27/09/2026 12:41
c49d8039-e548-4a38-a52c-6bf51d488f09,vandalism.rocks,available,12.99,,medium,low,9,name.com,,,
61ac8466-9876-4c7b-92e9-b1fc688c9f80,bernard.rocks,available,11.99,21.99,high,low,7,namesilo,,,23/09/2026 09:46
729defad-932e-40ef-b945-dd3df92cd400,explosive.rocks,available,5.99,27.99,high,low,9,name.com,,,17/08/2026 18:33
5c53f239-3f37-4bcc-88eb-41b278c0fff0,hinault.rocks,available,11.99,21.99,medium,low,7,namesilo,,,23/09/2026 09:48
8ca5749e-9245-4f6a-a4de-4b3a6be17fa7,hafnium.rocks,available,11.99,21.99,medium,low,7,namesilo,,,20/09/2026 23:42
b1f696ab-1273-44a0-97c3-bd564be92a64,mussolini.rocks,available,11.99,21.99,medium,low,9,namesilo,,,23/09/2026 08:12
61cf8e01-2985-451d-b866-5a9aacb2363c,securing.rocks,available,12.99,,medium,low,8,name.com,,,
5c1141f4-d132-47bb-a591-2debcedfa2a4,complicate.rocks,available,7.98,29.98,high,low,10,namecheap,,,08/09/2026 14:25
1a5826da-f970-4789-b3a0-aa49d38513e7,upcoming.rocks,available,5.99,27.99,high,low,8,name.com,,,06/08/2026 08:39
102192e4-f6e6-49ae-8599-db45ce0f4ff4,reception.rocks,available,12.99,,high,low,9,name.com,,,
0efb1c9c-a275-45e1-a202-665d59c048dd,arnold.rocks,available,11.99,21.99,high,low,6,namesilo,,,20/09/2026 08:16
78c86a8f-99ee-4ba8-9560-c9d4539fce24,gingerly.rocks,available,5.99,27.99,high,low,8,name.com,,,18/08/2026 23:55
18162796-5716-4968-b83a-f54a7a1ba74e,frozen.rocks,available,7.98,29.98,high,low,6,namecheap,,,24/09/2026 19:29
4cb9e5c8-9bf2-40e2-a3ce-ad0eae99201e,numbly.rocks,available,7.98,29.98,low,low,6,namecheap,,,15/09/2026 08:39
c48a671c-27c1-463f-acb0-6436d6b10458,analogist.rocks,available,11.99,21.99,medium,low,9,namesilo,,,19/09/2026 01:52
a4244c15-8970-4297-b1e6-8e7d808e641d,chirp.rocks,available,7.98,29.98,high,low,5,namecheap,,,24/09/2026 14:08
4d6cac66-5172-4030-b01f-23ce5d403b72,packages.rocks,available,11.99,21.99,medium,low,8,namesilo,,,19/09/2026 00:23
7bf1f205-5589-48d4-9a54-9197b598a8af,proves.rocks,available,7.98,29.98,medium,low,6,namecheap,,,18/09/2026 07:04
b86d96e0-bca6-4c4d-a6f4-2e7d94869ef7,ballad.rocks,available,5.99,27.99,high,low,6,name.com,,,22/08/2026 21:27
6eb33a7c-df30-4ac2-8c51-972078df3b4c,bouncy.rocks,available,7.98,29.98,high,low,6,namecheap,,,23/09/2026 01:24
05a5b139-77c5-40d2-890e-d7dbe7310ee2,exclaimed.rocks,available,11.99,21.99,medium,low,9,namesilo,,,18/09/2026 01:31
a961201b-61dc-48c5-ad4f-55412c117073,clench.rocks,available,5.99,27.99,medium,low,6,name.com,,,24/09/2026 15:33
15cac513-4df1-4a66-85a4-07e13150bf64,stewardess.rocks,available,11.99,21.99,high,low,10,namesilo,,,17/09/2026 22:26
12a3a5a8-b71d-417d-917a-c96cf7b17197,archean.rocks,available,5.99,27.99,medium,low,7,name.com,,,06/08/2026 15:05
85d6c879-49bd-40ac-bb2b-a01b4b78e79b,sloshed.rocks,available,5.99,27.99,medium,low,7,name.com,,,09/08/2026 15:48
0b31884d-996c-49fb-973d-1c49b9257ac0,alienating.rocks,available,5.99,27.99,medium,low,10,name.com,,,
0d4b0e8b-7109-4b2f-bd66-b01fbafd848d,baud.rocks,available,7.98,29.98,medium,low,4,namecheap,,,22/09/2026 16:32
a7e612d0-6d96-4e7f-84a5-d54d94991893,knightly.rocks,available,5.99,27.99,high,low,8,name.com,,,12/08/2026 06:11
b102e615-428f-4252-b1da-8166b47992c2,allsorts.rocks,available,11.99,21.99,low,low,9,namesilo,,,16/09/2026 05:53
a2293ab6-9416-4916-89e7-473acefb2465,septuple.rocks,available,7.98,29.98,medium,low,8,namecheap,,,10/09/2026 04:23
cb91634f-2583-42aa-9aed-10b7f8166270,principles.rocks,available,12.99,,high,low,10,name.com,,,
d1f1766f-c8bc-4d78-8433-6526a3d1f5b0,centuries.rocks,available,11.99,21.99,medium,low,9,namesilo,,,17/09/2026 04:43
392fbd8a-5596-410e-92cb-4294593c8613,mug.rocks,available,7.98,29.98,high,low,3,namecheap,,,24/09/2026 14:58
5de55e2c-3613-4411-87d6-43b634edb919,empyreal.rocks,available,5.99,27.99,medium,low,8,name.com,,,16/08/2026 20:53
b17a7577-374e-44d0-98f9-43ddc1a8b4b7,dumbbell.rocks,available,11.99,21.99,high,low,8,namesilo,,,24/09/2026 06:44
caa9de3e-714f-4089-bb8c-4667e67f8961,sororal.rocks,available,7.98,29.98,medium,low,7,namecheap,,,10/09/2026 08:56
6174c7d5-3897-4ebd-9f47-11eaab3ae933,protestant.rocks,available,7.98,29.98,high,low,10,namecheap,,,09/09/2026 04:08
168d6213-83d2-4b41-8476-9a7dc50ea8b0,ann.rocks,available,,,high,low,3,,,,
07f1618a-c239-4e8d-8c98-63af2555b10b,greylag.rocks,available,11.99,21.99,medium,low,7,namesilo,,,19/09/2026 12:07
ba4b31a3-6629-4b6c-892f-ef50a12b2515,duke.rocks,available,12.99,,high,low,4,name.com,,,
9d345030-f536-42e8-9e03-41f64edc0b55,tenor.rocks,available,7.98,29.98,high,low,5,namecheap,,,11/09/2026 11:24
bb499a57-2383-4a2f-b1d3-923f38a92172,indirectly.rocks,available,7.98,29.98,medium,low,10,namecheap,,,15/09/2026 07:58
a74410c4-026e-45ed-bc86-98c622680205,support.rocks,resell,,,high,medium,7,"GoDaddy.com, LLC",28/04/2023 21:19,28/04/2027 21:19,26/09/2026 09:25
d4e07d61-d9e7-4f51-9810-4c96c4c86ae8,niece.rocks,available,12.99,,high,low,5,name.com,,,
2ab60b3e-cd62-4a47-8b16-15d56eac2a44,bounded.rocks,available,5.99,27.99,medium,low,7,name.com,,,10/08/2026 21:52
11ed306c-bd67-4931-9027-8c8db0229837,dowding.rocks,available,5.99,27.99,medium,low,7,name.com,,,14/08/2026 17:10
4933bb04-155e-4882-8d97-aafec8cfed9b,enjoyable.rocks,available,5.99,27.99,high,low,9,name.com,,,17/08/2026 09:17
e4ddaf7a-bc25-41bd-9837-1607522a8c7f,crucially.rocks,available,5.99,27.99,medium,low,9,name.com,,,14/09/2026 09:50
ce17eccf-1956-45e9-8d49-48ff9569963e,tannic.rocks,available,7.98,29.98,medium,low,6,namecheap,,,11/09/2026 08:01
2c66add6-fa4f-42d6-b07c-ece6b803b77c,truncate.rocks,available,7.98,29.98,high,low,8,namecheap,,,11/09/2026 20:40
1fb687f2-9ac8-47bc-82ab-2a62e145e4c5,helped.rocks,available,7.98,29.98,medium,low,6,namecheap,,,25/09/2026 18:33
51a0215d-8274-4b4f-b75f-791e0c35a710,garden.rocks,resell,,,high,low,6,Dynadot Inc,23/11/2021 18:56,23/11/2026 18:56,27/09/2026 01:57
975af568-2cc2-41fb-ad2c-e877481fc6fa,disgraced.rocks,available,5.99,27.99,medium,low,9,name.com,,,14/08/2026 10:21
c046913c-63e4-49cc-b0fc-6389bfaca3b5,raiment.rocks,available,7.98,29.98,medium,low,7,namecheap,,,19/09/2026 19:57
defd638f-8da0-4a24-890c-0eed1cd728e6,dances.rocks,available,12.99,,high,low,6,name.com,,,
6e3bef01-0738-42c4-9af5-939379e1505a,dioecious.rocks,available,7.98,29.98,medium,low,9,namecheap,,,14/08/2026 08:20
24bceb42-adef-4215-b805-bec2b6324242,messenger.rocks,available,11.99,21.99,high,low,9,namesilo,,,24/09/2026 18:45
62f28d3c-a823-4369-862a-3366cf049db9,vitamins.rocks,available,11.99,21.99,high,low,8,namesilo,,,19/09/2026 23:20
89aba3a6-b9ea-455f-8546-7be9efd97974,songs.rocks,available,7.98,29.98,high,low,5,namecheap,,,25/09/2026 19:03
698e2f31-5bac-4a7a-9126-48378df31c20,dame.rocks,available,7.98,29.98,high,low,4,namecheap,,,24/09/2026 20:56
20808772-ee7f-4b0c-b61e-b450139cdc80,afrikaner.rocks,available,5.99,27.99,medium,low,9,name.com,,,
238476b1-b497-4dba-a855-3207f68259be,misty.rocks,available,5.99,27.99,high,low,5,name.com,,,11/08/2026 06:51
0c7c85c6-e3de-441d-ac18-8a17d4792aa8,ablative.rocks,available,5.99,27.99,medium,low,8,name.com,,,
81d24b03-baa9-4580-b11a-fb418b2de46b,achomawi.rocks,available,11.99,21.99,medium,low,8,namesilo,,,17/09/2026 00:49
ec905673-4e1e-4b16-8ea3-915a9e5193ce,costly.rocks,available,11.99,21.99,high,low,6,namesilo,,,24/09/2026 00:19
cf04169f-e546-47f6-af74-b1d0527bdfd1,harmony.rocks,resell,,,high,low,7,Dynadot Inc,22/06/2026 17:00,22/06/2027 17:00,26/09/2026 06:35
965fa066-36f6-4539-973d-e740d17f0da2,misgiving.rocks,available,11.99,21.99,medium,low,9,namesilo,,,24/09/2026 23:11
8b3bc5a7-b166-41fc-8492-aea13e0b3bbe,capricious.rocks,available,5.99,27.99,medium,low,10,name.com,,,11/08/2026 18:04
c999f379-1c07-4bad-a15d-7c37fce04bfd,dave.rocks,available,,,high,low,4,,,,
302e258d-940e-4715-ab95-f6c5ecdf474b,affliction.rocks,available,11.99,21.99,medium,low,10,namesilo,,,17/09/2026 14:39
134eb191-d3fa-4ce2-878b-5804e919cfea,quickset.rocks,available,7.98,29.98,medium,low,8,namecheap,,,09/09/2026 08:43
e3171f09-7e0b-4f00-a770-1590d79540c4,sevener.rocks,available,5.99,27.99,medium,low,7,name.com,,,
8c723472-e41c-426e-b5c0-edffce738458,aku.rocks,premium,118.8,118.8,high,low,3,namesilo,,,18/09/2026 00:16
fd24d964-5a28-4623-b4d6-f7eb2c33ace7,thermionic.rocks,available,7.98,29.98,medium,low,10,namecheap,,,11/09/2026 12:56
9e4eabb4-f178-40c8-aa96-cb21728eff42,settled.rocks,available,5.99,27.99,high,low,7,name.com,,,12/08/2026 17:27
301e58d0-a27a-4e51-808f-ad28861fd138,usable.rocks,available,7.98,29.98,high,low,6,namecheap,,,12/09/2026 23:59
1a476df1-b751-41cb-8998-572876ba38cf,anarchic.rocks,available,5.99,27.99,medium,low,8,name.com,,,
be351001-4369-4bb3-a6c2-744f1463c757,eonian.rocks,available,5.99,27.99,medium,low,6,name.com,,,
8d1e40df-849a-4f79-a1b2-b7ce85cddd28,paying.rocks,available,11.99,21.99,high,low,6,namesilo,,,24/09/2026 22:11
43ef2220-e9b9-44ce-9390-fc571c703736,titulary.rocks,available,7.98,29.98,medium,low,8,namecheap,,,11/09/2026 16:34
cd0623e1-a946-4372-8816-57ffba223ef6,almighty.rocks,available,5.99,27.99,high,low,8,name.com,,,
7d0271ae-d64e-4209-9fdd-f2bbd918f134,sharps.rocks,available,11.99,21.99,high,low,6,namesilo,,,20/09/2026 09:14
eb38f4a3-f889-4c9b-a136-e8d742d960a7,horrifying.rocks,available,5.99,27.99,medium,low,10,name.com,,,18/08/2026 15:42
37c69c84-308c-4f23-8bba-96a87f797fae,backward.rocks,available,11.99,21.99,high,low,8,namesilo,,,22/09/2026 15:53
9cbdc0e1-71f8-4fe3-996f-835d97f61af8,arachnoid.rocks,available,5.99,27.99,medium,low,9,name.com,,,06/08/2026 11:41
ba8ed6a3-327f-4329-8097-882798180527,honduran.rocks,available,5.99,27.99,high,low,8,name.com,,,21/08/2026 13:17
173970aa-07a6-404e-a52a-bf7fc38c40fc,rude.rocks,available,11.99,21.99,high,low,4,namesilo,,,22/09/2026 16:12
8baf4519-3302-4745-b8f0-c12a3f482697,panels.rocks,available,11.99,21.99,medium,low,6,namesilo,,,19/09/2026 23:14
ebea996d-20a4-47a4-8d3f-b107b393f9af,malaria.rocks,available,12.99,,high,low,7,name.com,,,
54a7d5c8-e256-4775-8c01-dc543a70de23,doob.rocks,available,7.98,29.98,medium,low,4,namecheap,,,21/09/2026 18:37
2885be6c-c3a5-403b-8761-4be571856a2e,actaea.rocks,available,11.99,21.99,medium,low,6,namesilo,,,17/09/2026 04:11
b65d81c0-2bff-4003-ab68-8b684dd268b4,cia.rocks,available,11.99,21.99,high,medium,3,namesilo,,,24/09/2026 13:36
aa8fda11-9031-4127-9090-d9ea5952a418,pons.rocks,available,7.98,29.98,high,low,4,namecheap,,,18/09/2026 07:24
9d18d75b-4b39-4a97-940b-83c3db91ff7c,blenheim.rocks,available,11.99,21.99,medium,low,8,namesilo,,,24/09/2026 05:52
4b778422-6782-47ea-8bd2-fdbb6165adf3,cimmerian.rocks,available,5.99,27.99,medium,low,9,name.com,,,12/08/2026 08:11
4d090f37-17ea-470e-b31c-a5fe337d9978,investor.rocks,available,12.99,,high,medium,8,name.com,,,
4af1e263-718c-45d6-bbbb-a005234ec06b,furred.rocks,available,5.99,27.99,medium,low,6,name.com,,,18/08/2026 18:52
1c11b684-1f63-47b7-976b-7b751a4cf070,trillionaire.rocks,available,12.99,,high,low,12,name.com,,,
b4fc7853-3f83-46f6-8c77-4a07e594a5fb,colonel.rocks,available,11.99,21.99,high,low,7,namesilo,,,27/09/2026 03:33
018237ba-9616-4776-9a21-e3a051fdc4dc,mincing.rocks,available,5.99,27.99,high,low,7,name.com,,,13/08/2026 15:43
da703f5f-9b2a-40dc-b632-5b2b117564b1,biosafety.rocks,available,7.98,29.98,high,low,9,namecheap,,,23/09/2026 18:56
974f1636-2f0c-42ea-84df-ce8fcdf4410b,firstly.rocks,available,11.99,21.99,medium,low,7,namesilo,,,24/09/2026 18:41
989b65a4-d9fb-46f8-9f66-9e616375bd11,endearing.rocks,available,7.98,29.98,high,low,9,namecheap,,,21/09/2026 19:24
d84f85cb-ce0a-4f21-be4d-aa96ee7fd14a,tells.rocks,available,7.98,29.98,medium,low,5,namecheap,,,18/09/2026 14:10
d97c6ba8-2fbb-45da-a9b8-b3a048ad5e25,continent.rocks,available,5.99,27.99,high,low,9,name.com,,,11/08/2026 23:26
82610b2e-1ea3-49b0-a6ce-a65cb2263169,shears.rocks,available,12.99,,high,low,6,name.com,,,
db7c0c2f-e684-487d-b7c1-ed0fededec7f,centrally.rocks,available,7.98,29.98,medium,low,9,namecheap,,,14/09/2026 06:13
1d3f058f-41d2-4005-8420-7f3e2ddb8180,avenger.rocks,available,11.99,21.99,high,low,7,namesilo,,,21/09/2026 08:56
2f620210-ade9-4c38-9cf1-4238ff6b1079,email.rocks,premium,854,854,high,medium,6,namesilo,,,
b31b64bb-266e-48fc-8653-ca6a57b8ba75,bontemps.rocks,available,11.99,21.99,high,low,8,namesilo,,,20/09/2026 08:07
590e3c09-46f8-4777-94aa-9818a2eb5f2f,sphalerite.rocks,available,7.98,29.98,medium,low,10,namecheap,,,24/09/2026 05:44
763f0aa2-ff5a-439c-9816-cbb736ebaa6d,unilateral.rocks,available,7.98,29.98,medium,low,10,namecheap,,,12/09/2026 12:59
bd405b55-325b-4797-af85-6c7d2aa2c6d4,devotions.rocks,available,11.99,21.99,medium,low,9,namesilo,,,20/09/2026 02:07
9fe6fef4-755f-42db-b240-60c3ee97142d,lanka.rocks,available,11.99,21.99,high,low,5,namesilo,,,25/09/2026 15:46
e2c912e0-f887-4a6c-97f7-247c11d82ff5,municipal.rocks,available,7.98,29.98,high,low,9,namecheap,,,03/09/2026 10:58
05b3ae0e-9230-4a3e-806c-5ec85a6fbb5f,attest.rocks,available,5.99,27.99,high,low,6,name.com,,,24/08/2026 15:02
32a2fe59-ec6f-4fca-a820-e8650dbe1bf0,amnesiac.rocks,available,5.99,27.99,medium,low,8,name.com,,,
5720eab6-45bc-4d5f-89b0-21ec40037e1b,eccentric.rocks,available,5.99,27.99,high,low,9,name.com,,,10/08/2026 09:50
e9d06aec-4bb2-46ae-9c8f-3037a237c61d,barron.rocks,available,11.99,21.99,high,low,6,namesilo,,,27/09/2026 08:02
beb2c385-6956-486b-b21e-72d51caffc37,bugged.rocks,available,11.99,21.99,medium,low,6,namesilo,,,23/09/2026 10:21
6f49104a-e32f-4e0f-8030-98b89fecc2b7,myalgic.rocks,available,7.98,29.98,medium,low,7,namecheap,,,03/09/2026 11:57
a442c405-2ef0-4d52-a255-af221138de6f,cupboard.rocks,available,11.99,21.99,high,low,8,namesilo,,,24/09/2026 15:58
e256c56e-31a6-4081-a31a-d5a2fcd70e86,siege.rocks,available,11.99,21.99,high,low,5,namesilo,,,23/09/2026 04:50
016339b2-35f2-40f4-8e1f-e9d18bd0c110,steaming.rocks,available,7.98,29.98,medium,low,8,namecheap,,,10/09/2026 19:42
70d76764-0c3b-482d-9c65-cff981100a41,insouciant.rocks,available,5.99,27.99,high,low,10,name.com,,,11/08/2026 20:34
a0252ebf-08cd-4a77-8c70-b2fe978947c4,pondering.rocks,available,5.99,27.99,high,low,9,name.com,,,11/08/2026 06:01
1e380225-bd58-4c62-88a0-0cc963efcfd8,liberties.rocks,available,7.98,29.98,medium,low,9,namecheap,,,18/09/2026 04:52
72bc57ce-42d6-4323-91ef-2df91b91151f,awing.rocks,available,5.99,27.99,medium,low,5,name.com,,,08/08/2026 00:34
15115cda-64c1-4fd2-86b5-9e7d136e1a7c,cheesecake.rocks,available,11.99,21.99,high,low,10,namesilo,,,24/09/2026 14:12
becc069d-f2f1-4ab5-a962-c7e8d2391765,vented.rocks,available,7.98,29.98,medium,low,6,namecheap,,,13/09/2026 02:12
ed8aa51d-015f-4706-ba56-15d67c667883,deflation.rocks,available,12.99,,medium,low,9,name.com,,,
e4d5b05e-fe1c-4ff6-aca5-d55b3e5021e7,preferences.rocks,available,7.98,29.98,high,low,11,namecheap,,,
91284b59-612d-4d58-9e03-b4149f6a5df8,hercules.rocks,available,12.99,,high,low,8,name.com,,,
cf8f0f85-7992-4373-ae84-834045a8720d,hoary.rocks,available,5.99,27.99,medium,low,5,name.com,,,20/08/2026 19:20
b3ec0fd4-0448-49a5-b5a2-fd610f6231f0,exchanges.rocks,available,7.98,29.98,medium,low,9,namecheap,,,25/09/2026 06:05
eef639ee-1c6a-423b-b216-a65bcd743788,nonmetric.rocks,available,7.98,29.98,medium,low,10,namecheap,,,03/09/2026 18:30
4a554aab-d212-46ef-a000-c0c056c1bdd8,bewitched.rocks,available,5.99,27.99,medium,low,9,name.com,,,09/08/2026 18:17
77c7846b-46b6-4368-8b3c-9d5684c7a2fb,harnessed.rocks,available,5.99,27.99,medium,low,9,name.com,,,21/08/2026 01:05
52424c4a-084c-4ac0-8b5d-63f219dd24f8,stripling.rocks,available,5.99,27.99,high,low,9,name.com,,,
c878bfe7-5b00-48b6-9786-f69f01cbe143,attempt.rocks,available,12.99,,high,low,7,name.com,,,
2aa3280b-f285-4924-9d60-cee341e44703,agiotage.rocks,available,7.98,29.98,medium,low,8,namecheap,,,17/09/2026 18:03
0a78570e-ad16-4bc8-b913-f24ba2f1834f,katari.rocks,available,5.99,27.99,medium,low,6,name.com,,,22/08/2026 15:12
1ece8cb5-c96b-44fa-97df-5035800b7038,reformed.rocks,available,7.98,29.98,high,low,9,namecheap,,,09/09/2026 10:53
5f4d1d93-dceb-44a6-b1f1-f677960dabb1,bagful.rocks,available,7.98,29.98,medium,low,6,namecheap,,,21/09/2026 17:57
48c929b9-e9c6-4b64-aebd-433f62ab8d6f,mouthguard.rocks,available,12.99,,medium,low,11,name.com,,,
6cb23e96-b443-497b-8925-f1f89e2b7d36,apulia.rocks,available,11.99,21.99,medium,low,6,namesilo,,,19/09/2026 22:42
f9c51424-5777-49f9-ab44-4efbab65a8bd,arrayed.rocks,available,5.99,27.99,medium,low,7,name.com,,,06/08/2026 21:37
03475977-c616-4c6f-ad97-93a4bbb1d947,unco.rocks,available,7.98,29.98,medium,low,4,namecheap,,,15/09/2026 23:08
88ce1481-9b7b-4811-9c3c-5d6db15c6e15,official.rocks,available,11.99,21.99,high,low,8,namesilo,,,26/09/2026 00:05
16abcee0-fdb2-4a34-88b3-bf6a1ea6767d,shyly.rocks,available,7.98,29.98,medium,low,5,namecheap,,,13/09/2026 23:37
f28a72be-e6e8-4565-8745-ccee782aec31,race.rocks,available,12.99,,high,low,4,name.com,,,
14f2f333-7886-48dd-9a45-e76adedcff30,anywhere.rocks,available,12.99,,high,low,8,name.com,,,
25382124-37d7-467a-9249-ddea4abe5c26,impound.rocks,available,5.99,27.99,high,low,7,name.com,,,12/08/2026 21:04
34fbac92-d39f-4227-a28f-d066fe3855d7,formative.rocks,available,5.99,27.99,high,low,9,name.com,,,18/08/2026 12:07
b2d24f07-a8ef-4f09-a693-19e6f5f7fbd8,sestet.rocks,available,5.99,27.99,medium,low,6,name.com,,,
c964cf24-37ba-41ec-99ff-409d3a674d16,burp.rocks,available,7.98,29.98,high,low,4,namecheap,,,23/09/2026 04:37
db7311cf-36b4-4bba-8607-ddd541d09aba,subdued.rocks,available,5.99,27.99,medium,low,7,name.com,,,14/08/2026 07:54
baa9dd50-efa8-47b8-bce1-9a0c75f0a112,aileron.rocks,available,7.98,29.98,medium,low,7,namecheap,,,17/09/2026 21:10
3eaf195e-83f6-4dfa-9bfa-960ac4f264bf,alternator.rocks,available,11.99,21.99,high,low,10,namesilo,,,18/09/2026 14:48
725cfc1d-e6c4-4621-8608-461b8edcbeab,hertzian.rocks,available,5.99,27.99,medium,low,8,name.com,,,21/08/2026 07:14
32f52dad-c29c-4eb9-98bc-64bc1d454e6d,travelling.rocks,premium,118.8,118.8,high,low,10,namesilo,,,
750916f7-6bd8-405d-bd40-4f0c31173d90,dreaded.rocks,available,5.99,27.99,medium,low,7,name.com,,,14/08/2026 08:53
0157526b-1b7a-4f28-80d0-ce5369b1afc6,entirety.rocks,available,12.99,,high,low,8,name.com,,,
fbffdb7d-6aef-4a2b-b807-bdef3974c937,dday.rocks,available,11.99,21.99,high,low,5,namesilo,,,16/09/2026 12:39
c81be45a-988b-4149-b338-1e1e0185f712,tyke.rocks,available,5.99,27.99,high,low,4,name.com,,,25/08/2026 00:14
8b279957-3d91-4bce-81e3-7c48a8d2af5c,spender.rocks,available,11.99,21.99,high,low,7,namesilo,,,19/09/2026 09:49
e80c4be4-cf7e-495a-b3f3-667f9054afdc,filial.rocks,available,5.99,27.99,medium,low,6,name.com,,,18/08/2026 04:17
f2fe5fa6-4b09-44f5-b43c-eae248957a3b,portend.rocks,available,11.99,21.99,medium,low,7,namesilo,,,21/09/2026 03:29
7544d441-4b5a-4ce7-8db8-7fb19ad5e63b,ambrosian.rocks,available,5.99,27.99,high,low,9,name.com,,,
7aad7814-9d08-4d31-b4b6-7fcef9e0d049,frilled.rocks,available,5.99,27.99,medium,low,7,name.com,,,18/08/2026 15:49
cb977359-0fef-40f3-ae32-cdf7fbe45d76,arabis.rocks,available,11.99,21.99,medium,low,6,namesilo,,,19/09/2026 23:33
05d4cdf0-617b-435f-be98-b895f9097da9,semitic.rocks,available,7.98,29.98,medium,low,7,namecheap,,,10/09/2026 03:32
0c1844d2-f11d-4362-8122-2cb7c3db79bf,arithmancy.rocks,available,11.99,21.99,medium,low,10,namesilo,,,20/09/2026 06:00
ec9c4461-ca85-4ee6-b469-bba90b67cce7,cuneiform.rocks,available,5.99,27.99,medium,low,9,name.com,,,13/08/2026 10:34
b03d2184-31d9-422a-ba32-b2c58fecf73a,musset.rocks,available,11.99,21.99,high,low,6,namesilo,,,18/09/2026 06:29
76318fe7-b0dd-41f9-ab17-a6cbe9f128c6,mandaean.rocks,available,5.99,27.99,high,low,8,name.com,,,24/08/2026 14:38
19462588-c423-443f-a106-a9347720a27b,netlike.rocks,available,7.98,29.98,medium,low,7,namecheap,,,03/09/2026 16:00
6b306774-aaa5-448c-8717-789e0c4cd988,botticelli.rocks,available,11.99,21.99,high,low,10,namesilo,,,18/09/2026 05:31
41168ab0-b27f-4491-b5c9-a39bdae58968,unloosen.rocks,available,5.99,27.99,medium,low,8,name.com,,,18/08/2026 14:36
6cc0bae5-c34e-4fef-9019-f4d7ee9c0dcd,classified.rocks,available,11.99,21.99,high,low,10,namesilo,,,19/09/2026 14:44
d18032c3-6851-4742-9ab3-8de420ae5463,mannerly.rocks,available,5.99,27.99,medium,low,8,name.com,,,24/08/2026 15:20
8d2e5edb-f233-4705-80e9-6970b3f8547e,scrutinise.rocks,available,7.98,29.98,medium,low,10,namecheap,,,21/09/2026 03:07
b65d4458-ec8b-4615-8226-829c1773a5c1,frigid.rocks,available,5.99,27.99,medium,low,6,name.com,,,18/08/2026 15:46
27a90e36-0ff4-4bc2-8c08-4b6deda5b4f5,separation.rocks,available,12.99,,high,low,10,name.com,,,
e2eeda54-d2fa-4000-8b12-9e928bbd8997,fixed.rocks,available,7.98,29.98,high,low,5,namecheap,,,24/09/2026 19:10
c2131367-5329-49ba-a6f3-4416ad263115,calculation.rocks,available,11.99,21.99,high,low,11,namesilo,,,25/09/2026 04:46
c6f9dee3-e6d3-49dc-963b-451563685b3e,need.rocks,available,11.99,21.99,high,low,4,namesilo,,,25/09/2026 21:55
7ba7dd86-5ea7-40b1-b897-c8e9e8bfd3c1,voluble.rocks,available,7.98,29.98,medium,low,7,namecheap,,,13/09/2026 06:59
1489c165-f094-4aa7-adcd-69186c09cfb0,opencast.rocks,available,7.98,29.98,medium,low,8,namecheap,,,04/09/2026 16:08
55fe226e-66d7-4a19-9ebe-461a777abbd5,acentric.rocks,available,5.99,27.99,medium,low,8,name.com,,,
f3aa6191-bf9f-4d28-8925-bf6fed728a14,deadlines.rocks,available,11.99,21.99,medium,low,9,namesilo,,,21/09/2026 08:50
8a5a6e03-2984-4354-8e2c-d3d768e72c8d,barterer.rocks,available,11.99,21.99,medium,low,8,namesilo,,,22/09/2026 08:58
5c3e681f-4f5a-4570-90df-8488362ccb38,distressed.rocks,available,5.99,27.99,medium,low,10,name.com,,,14/08/2026 12:16
39e904f1-0534-411a-b776-e8dc18078966,amaethon.rocks,available,11.99,21.99,low,low,8,namesilo,,,18/09/2026 15:34
43100274-e4a9-42e8-8d14-79e5b8013bed,aliraq.rocks,available,11.99,21.99,medium,low,7,namesilo,,,18/09/2026 00:54
080b0f3e-0f6e-4410-b706-afc37772f12d,ethiopian.rocks,available,5.99,27.99,high,low,9,name.com,,,17/08/2026 13:47
6e1f4dfe-529e-4e07-875a-83bbdc443390,heartily.rocks,available,7.98,29.98,high,low,8,namecheap,,,14/09/2026 08:41
7ecd3f69-06cb-4a46-aff8-6e0b22906e16,circularly.rocks,available,7.98,29.98,medium,low,10,namecheap,,,14/09/2026 06:55
ac9dc680-e2af-40ab-8d19-eefe962720dc,marked.rocks,available,11.99,21.99,high,low,6,namesilo,,,25/09/2026 16:50
b96be725-5bf7-46e3-ab82-3ed53c4c5fd0,ameer.rocks,available,7.98,29.98,medium,low,5,namecheap,,,18/09/2026 18:04
2156269b-3134-4a74-8f90-b2a0b245a900,xlv.rocks,available,5.99,27.99,medium,low,3,name.com,,,
0c245099-56d6-44c0-a429-07ac9ad5cb3f,ruffle.rocks,available,7.98,29.98,high,low,6,namecheap,,,11/09/2026 05:07
ada95671-311f-4375-9b45-ceaeccb360b4,grotesque.rocks,available,5.99,27.99,medium,low,9,name.com,,,
6bb41bdd-dfdc-4c3b-ad61-c763c8d99399,undeniable.rocks,available,5.99,27.99,high,low,10,name.com,,,12/09/2026 07:15
3ecd338d-7026-4052-a848-1ae65a6ebdbf,songful.rocks,available,5.99,27.99,high,low,7,name.com,,,11/08/2026 17:36
056caeb1-eaf9-4c82-9a0d-f2528026435f,homeric.rocks,available,5.99,27.99,medium,low,7,name.com,,,08/09/2026 09:34
a43ed274-1309-4f60-8112-2150f5dd22c9,weismann.rocks,available,7.98,29.98,medium,low,8,namecheap,,,21/09/2026 03:48
a10b4919-e87b-4e22-8138-e5003873ecdc,fiberoptic.rocks,available,5.99,27.99,high,low,10,name.com,,,18/08/2026 03:12
575a9583-a299-45aa-a047-d7133fb4f3a9,dot.rocks,premium,854,854,high,medium,3,namesilo,,,19/09/2026 16:13
f9373840-3b48-4efc-8a32-7028e521062c,alkali.rocks,available,11.99,21.99,high,low,6,namesilo,,,18/09/2026 08:16
bda6be3f-2bf3-4f26-8434-428191eaeff8,shanny.rocks,available,11.99,21.99,medium,low,6,namesilo,,,24/09/2026 05:59
198899a2-cc4c-4838-a454-af94515292f7,harmonical.rocks,available,5.99,27.99,high,low,10,name.com,,,12/08/2026 22:48
f98f0af1-3185-45f3-9694-e994475e52aa,parietal.rocks,available,7.98,29.98,medium,low,8,namecheap,,,08/09/2026 01:33
9c3b72bb-ca1d-48a8-bf90-1a16b6774a82,gadolinium.rocks,available,11.99,21.99,medium,low,10,namesilo,,,20/09/2026 23:27
83f3a4af-a067-42b8-8402-d43cb13f4c3a,filmed.rocks,available,5.99,27.99,high,low,6,name.com,,,18/08/2026 04:25
c7e7560b-8c8b-4fd4-8673-7abac8d6eb3e,untreated.rocks,available,7.98,29.98,medium,low,9,namecheap,,,12/09/2026 21:44
8ab35f32-8e2c-4c10-a185-f8ad5ba63afd,firstborn.rocks,available,5.99,27.99,high,low,9,name.com,,,16/08/2026 02:17
af26b38f-555a-42b3-920f-d648a05ed10a,friendship.rocks,available,12.99,,high,low,10,name.com,,,
48888825-ba77-45df-a5a5-7586b90b5a9f,astrolabe.rocks,available,7.98,29.98,high,low,9,namecheap,,,20/09/2026 17:43
46d2064b-01f0-473e-a90e-83e1ff816007,humbug.rocks,available,11.99,21.99,medium,low,6,namesilo,,,21/09/2026 23:48
4ddadd6d-20fa-4e3b-8bb0-1e91c67eb396,footballers.rocks,available,11.99,21.99,high,low,11,namesilo,,,20/09/2026 13:07
6008bd54-66f4-4e0e-b830-cf231274229d,beguiling.rocks,available,7.98,29.98,high,low,9,namecheap,,,22/09/2026 01:38
89694021-f945-4aba-bc8c-061e13d28553,alcides.rocks,available,11.99,21.99,medium,low,7,namesilo,,,18/09/2026 04:05
9799fa4b-9de0-43c4-80a8-25b00714eb17,chances.rocks,available,11.99,21.99,medium,low,7,namesilo,,,25/09/2026 16:56
bb30a97e-9ee7-440d-a113-59448b417f07,bradford.rocks,available,11.99,21.99,high,low,8,namesilo,,,25/09/2026 02:02
aaa2b991-e796-473f-8f4f-27b8fe8efccb,alienator.rocks,available,11.99,21.99,medium,low,9,namesilo,,,18/09/2026 07:36
0086f964-d7c9-4b00-873e-7bb3e0efe4e4,ribless.rocks,available,5.99,27.99,medium,low,7,name.com,,,09/09/2026 17:15
32665af3-c362-44e0-a83c-7d2bb69e09c2,projecting.rocks,available,5.99,27.99,high,low,10,name.com,,,22/08/2026 14:48
c21099e4-12c3-4285-aa81-b343e636e634,bonny.rocks,available,5.99,27.99,medium,low,5,name.com,,,10/08/2026 18:45
4c511c23-7d09-403b-9d84-5a25738395be,supplies.rocks,available,12.99,,medium,low,8,name.com,,,
bbbd309c-7032-4235-97c3-1b7a421110ad,nominal.rocks,available,7.98,29.98,high,low,7,namecheap,,,03/09/2026 18:17
443f68b5-f92d-4deb-a114-a250057961f2,beach.rocks,resell,,,high,low,5,Dynadot Inc,16/05/2026 17:00,16/05/2027 17:00,26/09/2026 04:18
ca4e73b6-9b17-4b90-8141-f5356d0ba4c5,inocor.rocks,available,11.99,21.99,medium,low,6,namesilo,,,18/09/2026 23:58
ab6ecb7b-15d8-4101-afd5-5e2bdc562570,lunch.rocks,premium,38.94,38.94,high,low,5,namesilo,,,
669d0387-ea21-4ff1-b412-3596d6a447fc,achromatic.rocks,available,5.99,27.99,medium,low,10,name.com,,,
62dd2a84-677d-4568-9c71-f4999ebefbc1,voluntary.rocks,available,7.98,29.98,high,low,9,namecheap,,,13/09/2026 07:07
9d5b23c6-fbeb-4f74-8645-65743b4da5d6,estimators.rocks,available,11.99,21.99,medium,low,10,namesilo,,,20/09/2026 23:34
cf6fb08a-6682-424d-a448-516bbea1eee7,ashen.rocks,available,5.99,27.99,medium,low,5,name.com,,,07/08/2026 02:09
155d62fb-811b-4c98-ab28-d1d4d5f3aa26,recyclable.rocks,available,7.98,29.98,high,low,10,namecheap,,,09/09/2026 11:31
0cbd1a3e-f2f9-41e0-89e5-92b4d0c5a496,tunic.rocks,available,11.99,21.99,high,low,5,namesilo,,,17/09/2026 10:34
303f5d31-a857-4353-9f6d-7182c4cf8ae0,atonement.rocks,available,11.99,21.99,high,low,9,namesilo,,,21/09/2026 00:28
6c40f3ec-f33b-40f7-8981-948d10f23642,avulsion.rocks,available,11.99,21.99,medium,low,8,namesilo,,,21/09/2026 09:54
4856ad23-ab22-494c-b59e-63e275da7181,starless.rocks,available,7.98,29.98,medium,low,8,namecheap,,,10/09/2026 18:52
7a95c3cc-cd0e-40aa-bc54-0ee1bcb7299d,postcards.rocks,available,7.98,29.98,medium,low,9,namecheap,,,18/09/2026 23:33
84e97862-8565-43c2-8603-86d3fe2f4fab,blindly.rocks,available,7.98,29.98,medium,low,7,namecheap,,,14/09/2026 00:21
89809141-3f2b-4fe8-8c04-187a212be427,understood.rocks,available,12.99,,high,low,10,name.com,,,
7706f798-f5b2-4c1b-bf0d-fb90d4dd221f,pitahaya.rocks,available,11.99,21.99,medium,low,8,namesilo,,,16/09/2026 20:46
2dfbd14b-24e9-41d6-ac2d-548dab9e84f5,baseness.rocks,available,7.98,29.98,medium,low,8,namecheap,,,22/09/2026 10:25
4e0c4c9a-a952-459b-b9aa-7df4c15014b4,sterile.rocks,available,11.99,21.99,high,low,7,namesilo,,,22/09/2026 09:35
f1391c4a-9124-4523-9430-01588956988a,letup.rocks,available,12.99,,medium,low,6,name.com,,,
fd9a1e45-0842-4415-a3fe-7ea270b30693,offensive.rocks,available,5.99,27.99,high,low,9,name.com,,,14/08/2026 22:05
6874ce3d-147a-4ebd-84bf-147c9f0ddef1,albinism.rocks,available,11.99,21.99,medium,low,8,namesilo,,,18/09/2026 02:54
ab1dbac6-0205-4b9e-a682-970153dc72e6,jacket.rocks,available,12.99,,high,low,6,name.com,,,
23ee65ab-ea28-4486-b89d-288b5de15df4,energising.rocks,available,5.99,27.99,high,low,10,name.com,,,17/08/2026 06:43
688f726b-22e2-44b1-b25a-92abf2efdcd1,introspections.rocks,available,12.99,,low,low,14,name.com,,,
35db0d31-e920-48a2-bc6f-24d1c25a4e94,oldfield.rocks,available,11.99,21.99,medium,low,8,namesilo,,,22/09/2026 06:52
853cff2b-2db9-4234-8ac3-1f59cb5caf11,impeccably.rocks,available,5.99,27.99,medium,low,10,name.com,,,15/09/2026 02:11
a20f4a35-d48e-4871-8f9d-cf15883051d6,octet.rocks,available,5.99,27.99,high,low,5,name.com,,,
88c592c2-0fc1-47e8-a8a7-b6e408910765,retailed.rocks,available,7.98,29.98,medium,low,8,namecheap,,,20/09/2026 16:31
c13e6907-df07-41b9-9e85-450c15a9d670,thousandth.rocks,available,5.99,27.99,high,low,10,name.com,,,
027bcf77-fb1d-4403-80dd-95bf8a5ee33b,incomplete.rocks,available,5.99,27.99,high,low,10,name.com,,,22/08/2026 01:53
978e3f2c-3594-45e3-955f-50ae06769393,sober.rocks,available,5.99,27.99,high,low,5,name.com,,,20/08/2026 18:42
8edaa63a-572a-4706-b206-927227db5333,changeling.rocks,available,5.99,27.99,medium,low,10,name.com,,,21/08/2026 20:30
b2dce28e-a1f8-482b-a29b-8273d4a31eda,pellagra.rocks,available,11.99,21.99,medium,low,8,namesilo,,,18/09/2026 13:55
4c610440-b919-49e5-9339-36870a2725ee,uncovering.rocks,available,11.99,21.99,medium,low,10,namesilo,,,22/09/2026 06:00
4e0ed309-6a92-45d5-a78e-cd0b1634fbfe,hua.rocks,premium,118.8,118.8,high,low,3,namesilo,,,18/09/2026 01:18
fa0d12be-9d9b-4704-912d-93c9c7a93960,intrigue.rocks,available,12.99,,high,low,8,name.com,,,
02826ca5-1707-4563-99fe-722320bd705d,disquiet.rocks,available,11.99,21.99,medium,low,8,namesilo,,,24/09/2026 22:51
4a530627-4855-45ac-a003-e019eb2303ef,venous.rocks,available,7.98,29.98,medium,low,6,namecheap,,,13/09/2026 02:10
45075e2c-9d47-4cf2-9da5-389bb320276a,practicality.rocks,available,11.99,21.99,high,low,12,namesilo,,,16/09/2026 09:33
27082e98-4f88-4485-b482-03de581d5311,impacted.rocks,available,5.99,27.99,medium,low,8,name.com,,,21/08/2026 21:36
86a1ab98-4b0d-4c5f-af23-072c8fbc12d9,alta.rocks,premium,128.7,128.7,high,low,4,namecheap,,,25/09/2026 13:59
a8e2465f-cca1-4d5c-9aaf-1ca3c766a5ac,oviparous.rocks,available,7.98,29.98,medium,low,9,namecheap,,,04/09/2026 22:09
5817a831-6389-4359-a4a2-50260b01712c,passionately.rocks,available,12.99,,high,low,12,name.com,,,
555875d4-f8b9-46f2-a778-d759023a9be0,damnable.rocks,available,5.99,27.99,medium,low,8,name.com,,,13/08/2026 16:29
370cf934-d178-4794-9b01-5812d5a6ce8c,gladiolus.rocks,available,5.99,27.99,high,low,9,name.com,,,19/08/2026 00:06
844c0652-f813-479a-84c3-d30c1c29d7c8,patent.rocks,available,,,high,low,6,,,,
d8858154-de02-47fb-ab1f-c35069b7f2b6,variation.rocks,available,5.99,27.99,high,low,9,name.com,,,03/09/2026 11:43
08178902-08f6-495d-b7c1-516b7e08fec2,living.rocks,resell,,,high,low,6,"GoDaddy.com, LLC",14/01/2019 15:34,14/01/2027 15:34,26/09/2026 07:16
5e82d5c6-110b-49c4-a88c-cb2202c8d8c0,adiantum.rocks,available,11.99,21.99,medium,low,8,namesilo,,,17/09/2026 08:05
6c016c9d-7aa5-48d7-98e9-2c7d237b88d9,scant.rocks,available,7.98,29.98,medium,low,5,namecheap,,,09/09/2026 22:36
14b7bc3d-f410-4311-845a-f5c4e6b2d9db,favor.rocks,available,11.99,21.99,high,low,5,namesilo,,,27/09/2026 03:53
8a11a578-7cb6-4aee-9489-11ebd0f1a826,ways.rocks,available,12.99,,high,low,4,name.com,,,
bf5773fa-d2cc-48d1-a8b8-092c06d8ad5d,keys.rocks,available,12.99,,high,medium,4,name.com,,,
fc39dbfc-5f2a-4a02-ad6a-8b5af9a6ac6d,galangal.rocks,available,11.99,21.99,medium,low,8,namesilo,,,18/09/2026 14:03
202552f4-d3ca-4308-8804-5094246b40f3,quickness.rocks,available,12.99,,high,low,9,name.com,,,
29fceec1-ba57-4b06-9c27-0b84d8bdc580,susurrant.rocks,available,7.98,29.98,medium,low,9,namecheap,,,03/09/2026 11:08
12bb2b5f-345a-465d-815d-d25fea584218,autocracy.rocks,available,11.99,21.99,medium,low,9,namesilo,,,21/09/2026 06:08
2dd2458a-7493-43e9-b27a-31c50d87d27d,newborn.rocks,available,7.98,29.98,high,low,7,namecheap,,,03/09/2026 16:41
52d01832-c4a7-4dcd-8943-ea048dc0415b,sterilization.rocks,available,7.98,29.98,high,low,13,namecheap,,,16/09/2026 21:54
6de0a725-c29c-4049-8c47-a19fa6e01f46,assayer.rocks,available,11.99,21.99,medium,low,7,namesilo,,,20/09/2026 15:59
84a14eb1-2d84-4646-a9b6-415b791aedaa,barnacle.rocks,available,11.99,21.99,high,low,8,namesilo,,,22/09/2026 06:46
d3956dae-74e6-4914-8192-590a92c06785,ambiguous.rocks,available,5.99,27.99,high,low,9,name.com,,,
65c9387c-a549-40cc-879f-dd342408c9b8,invariably.rocks,available,12.99,,medium,low,10,name.com,,,
0aa663a0-0f85-4585-a1b1-6828fe41ebac,clubable.rocks,available,5.99,27.99,medium,low,8,name.com,,,12/08/2026 12:57
5a0ffbe8-408e-418a-a861-b7b115dbac50,dogwoods.rocks,available,11.99,21.99,medium,low,8,namesilo,,,20/09/2026 13:05
fc39b19f-3da9-4c8c-b7d4-8b94bb163a19,qing.rocks,available,6.93,17.8,high,low,4,spaceship,,,27/09/2026 12:26
19f6ec4f-e94f-40ac-8e27-57823edf79f6,rossbach.rocks,available,11.99,21.99,medium,low,8,namesilo,,,22/09/2026 15:54
4dcf983d-6e42-4afb-9fac-c80df497e734,wroth.rocks,available,7.98,29.98,medium,low,5,namecheap,,,13/09/2026 13:38
9e0c2146-b35c-42cd-8395-a15466a79e28,gruff.rocks,available,5.99,27.99,high,low,5,name.com,,,13/08/2026 11:25
474f476b-2e13-4a34-8494-ff9fb0e4595b,grapey.rocks,available,5.99,27.99,medium,low,6,name.com,,,20/08/2026 18:06
9204ccb3-4698-4ec3-8835-2c06b38823aa,swarthy.rocks,available,7.98,29.98,medium,low,7,namecheap,,,11/09/2026 05:25
e140d812-8ec9-44a2-8930-1efd1f6b0f6b,animalia.rocks,available,7.98,29.98,high,low,8,namecheap,,,19/09/2026 08:37
5308789f-eda1-4c48-9310-dfcdee5f05a5,accuracy.rocks,available,7.98,29.98,high,low,8,namecheap,,,16/09/2026 23:21
d0c213ff-1816-4d55-b23a-26fbfdf1345f,bewildered.rocks,available,5.99,27.99,medium,low,10,name.com,,,07/08/2026 11:52
aa6c0e93-ae36-4c4f-8a49-b1fa66fa9635,avid.rocks,available,,,high,low,4,,,,
df544f01-2007-43e5-beba-76648adf2dd7,favorably.rocks,available,5.99,27.99,high,low,9,name.com,,,14/09/2026 18:00
7543b595-b48f-4aad-b209-e6a8b9301859,want.rocks,available,12.99,,high,low,4,name.com,,,
113110cc-09da-468e-a389-4e62698e71e6,jumentous.rocks,available,5.99,27.99,low,low,9,name.com,,,22/08/2026 14:21
e331ce51-0310-4ee8-a1fd-f090be1c903d,dedication.rocks,available,5.99,27.99,high,low,10,name.com,,,18/09/2026 10:32
a248658e-120e-42e4-9176-3d3da0459281,unopened.rocks,available,7.98,29.98,medium,low,8,namecheap,,,12/09/2026 16:14
273f3de8-4cf0-4d5c-b593-174c7317e83f,protocol.rocks,available,11.99,21.99,high,low,8,namesilo,,,24/09/2026 16:37
c86ccd8a-c03e-4c83-a3dd-3613794029ea,unfed.rocks,available,7.98,29.98,medium,low,5,namecheap,,,12/09/2026 10:04
68b1ed59-d19b-4a58-a8f4-de0ab30ec50d,bandanna.rocks,available,11.99,21.99,high,low,8,namesilo,,,22/09/2026 00:59
e6e0d116-5c5c-4501-bc9a-206944c700b7,sea.rocks,resell,,,high,low,3,Dynadot Inc,31/01/2026 17:00,31/01/2027 17:00,26/09/2026 08:53
90fd16cd-05bf-4943-b3ec-2ece651e0a4c,antbird.rocks,available,7.98,29.98,medium,low,7,namecheap,,,19/09/2026 12:17
5da6fe86-74e1-423d-9ee6-7379f88a59ea,steakhouse.rocks,available,11.99,21.99,high,low,10,namesilo,,,24/09/2026 14:46
629ba98d-5b76-4710-9ee7-88953f6952c2,acetic.rocks,available,5.99,27.99,medium,low,6,name.com,,,
5e9b9971-fb33-4758-9486-e048ba16734c,longhand.rocks,available,5.99,27.99,high,low,8,name.com,,,13/08/2026 11:38
b00bb114-12a4-41fa-87a7-47ad03b72b6b,polyvalent.rocks,available,7.98,29.98,medium,low,10,namecheap,,,08/09/2026 23:35
83dc8445-f14d-455d-ab3b-41b387ff32cb,fruiting.rocks,available,5.99,27.99,high,low,8,name.com,,,18/08/2026 17:04
f047c1ff-d014-41c3-892f-33fdff936d4f,nobility.rocks,available,11.99,21.99,high,low,8,namesilo,,,20/09/2026 05:50
ea62353c-596e-4c9f-a707-315f676bb440,slothful.rocks,available,5.99,27.99,medium,low,8,name.com,,,17/08/2026 20:58
d37a00bc-2f55-4bb4-b583-a6731cfa38c2,benny.rocks,available,11.99,21.99,high,low,5,namesilo,,,23/09/2026 08:22
f943937b-4366-4176-b528-1314c3ba0e72,silvervine.rocks,available,11.99,21.99,low,low,10,namesilo,,,17/09/2026 04:49
53a4b000-f16b-4677-84b7-39d2eef5643a,parvati.rocks,available,11.99,21.99,high,low,7,namesilo,,,19/09/2026 02:21
2bf9ea71-0973-46b3-95de-a6acc645c9d9,aslant.rocks,available,5.99,27.99,medium,low,6,name.com,,,07/08/2026 03:56
8d1c64fe-bb21-4b06-a339-260f84e8f866,percent.rocks,available,11.99,21.99,high,low,7,namesilo,,,25/09/2026 23:58
9b0892ec-2192-409f-a361-c9297d380a0d,junket.rocks,available,11.99,21.99,high,low,6,namesilo,,,22/09/2026 03:02
a5f5b439-8bf1-437b-97ca-a38d30f283aa,flapjack.rocks,available,11.99,21.99,high,low,8,namesilo,,,22/09/2026 14:32
89036b03-a8a9-4375-859a-fc4b4312b134,succinctly.rocks,available,11.99,21.99,medium,low,10,namesilo,,,16/09/2026 07:34
2bb4f748-f827-485b-b11a-6eb5515f1684,deliver.rocks,available,,,high,low,7,,,,
dd4e87a9-0d3d-467c-90c5-36cc6f563fa0,sworn.rocks,available,11.99,21.99,high,low,5,namesilo,,,27/09/2026 04:14
db2714a6-79cc-49b9-8d6a-3c372908a4ab,decided.rocks,available,5.99,27.99,high,low,7,name.com,,,13/08/2026 21:20
d6f63d03-af81-43b0-8858-d6be6a636935,banting.rocks,available,11.99,21.99,medium,low,7,namesilo,,,22/09/2026 03:15
1ca11b7a-ac3c-439c-ace4-1c8b63a617b4,burnished.rocks,available,5.99,27.99,medium,low,9,name.com,,,11/08/2026 10:59
484b96dd-f4d8-4916-9ca2-7bfca3b9a841,analgesic.rocks,available,5.99,27.99,medium,low,9,name.com,,,
f8189120-3447-4d5b-857c-e9a4e1662ce2,thug.rocks,available,11.99,21.99,high,low,4,namesilo,,,27/09/2026 08:15
d0d5b9ac-56ad-4f9b-b054-15b3ce4b43de,guadalupe.rocks,available,11.99,21.99,high,low,9,namesilo,,,25/09/2026 15:36
e62cddd2-c2e6-40b2-8941-4d68871940be,emblazon.rocks,available,11.99,21.99,high,low,8,namesilo,,,24/09/2026 05:09
562c0938-b0c9-4b86-90c7-2a35a8fb2744,irritated.rocks,available,5.99,27.99,medium,low,9,name.com,,,
964b5be2-1319-4c61-8d47-03a082eb40ca,prattle.rocks,available,7.98,29.98,medium,low,7,namecheap,,,23/09/2026 23:32
2ce07771-ecef-420d-a25c-1f08b821daad,aplomb.rocks,available,7.98,29.98,high,low,6,namecheap,,,19/09/2026 17:47
9ce12ef3-b037-4eec-a685-04e8ea06efcd,filesize.rocks,available,12.99,,medium,low,9,name.com,,,
5c6cc5b9-c63b-4fde-bb56-a625c310f6a2,ovine.rocks,available,5.99,27.99,medium,low,5,name.com,,,04/09/2026 22:07
1319f27a-4872-418b-92c9-227918e4effb,reverently.rocks,available,7.98,29.98,medium,low,10,namecheap,,,15/09/2026 23:35
ed1a014b-57c6-467b-952c-557bbc2225b3,prayers.rocks,available,11.99,21.99,high,low,7,namesilo,,,18/09/2026 03:21
bcefa2df-eeb4-4f7b-bf83-83c858545134,seamed.rocks,available,5.99,27.99,medium,low,6,name.com,,,10/09/2026 00:45
a7254abb-a8be-42cb-a3ad-f2828697ae02,robertson.rocks,available,7.98,29.98,high,low,9,namecheap,,,25/09/2026 09:45
2008f239-c92a-47ef-930e-19c8f094da11,bawl.rocks,available,7.98,29.98,medium,low,4,namecheap,,,23/09/2026 06:25
08395ef6-02ac-4b9b-92bd-a22dadf60333,cooker.rocks,available,7.98,29.98,high,low,6,namecheap,,,24/09/2026 18:03
c97ec22e-02f2-4df1-a9a2-b3fd41cb37af,horrid.rocks,available,5.99,27.99,medium,low,6,name.com,,,21/08/2026 08:14
c7eb2807-0ef2-4ef7-bf15-fc880fd680be,vespucci.rocks,available,5.99,27.99,high,low,8,name.com,,,18/09/2026 21:04
0398a365-58e5-47f3-ace1-6ddd2aa23c77,belle.rocks,available,5.99,27.99,high,low,5,name.com,,,23/09/2026 06:02
0edb1f8f-d6c0-4220-89f9-2cf2b05af38a,utilizing.rocks,available,11.99,21.99,medium,low,9,namesilo,,,21/09/2026 02:04
d1b767e2-1bb3-457a-8c10-3a876f8f77de,rhetorical.rocks,available,7.98,29.98,high,low,10,namecheap,,,09/09/2026 16:37
1b04e1c8-9a30-411f-90bf-76848bc3d93e,twit.rocks,available,7.98,29.98,high,low,4,namecheap,,,11/09/2026 09:11
adbc36d8-81e7-403c-b957-e88adf3ad5d4,penetration.rocks,available,7.98,29.98,medium,low,11,namecheap,,,08/09/2026 15:09
c7e95330-83f5-47c9-98fd-ec261dbfc2e4,falsely.rocks,available,7.98,29.98,medium,low,7,namecheap,,,14/09/2026 17:35
edc6d06f-455a-4a2e-a8f3-d22c4be9f247,officials.rocks,available,7.98,29.98,medium,low,9,namecheap,,,17/09/2026 12:28
65cd6f71-0db7-4974-86ca-0f66c0510ad9,competency.rocks,available,11.99,21.99,high,low,10,namesilo,,,24/09/2026 16:48
553903c2-97d9-4918-9fda-be068d3c0400,bunch.rocks,available,12.99,,high,low,5,name.com,,,
6b575c4f-c189-4ff8-a27a-29d1a69c3360,adversary.rocks,available,11.99,21.99,high,low,9,namesilo,,,17/09/2026 10:44
20b5136c-089f-4dd7-acf4-db7be8b7a5a2,diagonal.rocks,available,5.99,27.99,medium,low,8,name.com,,,07/08/2026 04:07
7c264414-5bca-40f4-9a32-2307d3aa96b2,curvaceous.rocks,available,5.99,27.99,medium,low,10,name.com,,,10/08/2026 20:30
baf3b041-b5c3-4977-a779-01d158656770,composure.rocks,available,5.99,27.99,high,low,9,name.com,,,11/08/2026 14:55
30b7cc91-4d81-4b4b-b056-af69cf4e83e2,greenback.rocks,available,11.99,21.99,high,low,9,namesilo,,,22/09/2026 02:17
9f1651db-69b0-4b6c-a4f2-9ba857512edb,feb.rocks,available,12.99,,high,low,3,name.com,,,
58bb5f84-5b8a-422b-8199-49dd367f2d87,betrothal.rocks,available,11.99,21.99,high,low,9,namesilo,,,23/09/2026 11:34
ac5d2e2b-9eb6-4c4b-8692-6a660c8d6f13,anzac.rocks,available,7.98,29.98,high,low,5,namecheap,,,19/09/2026 16:00
55b248c7-450a-4e81-936b-c43467f68d16,avionics.rocks,available,11.99,21.99,high,low,8,namesilo,,,21/09/2026 09:35
ef71eaa4-c5b0-437d-9cc4-4d53ee4b3e72,archduke.rocks,available,7.98,29.98,medium,low,8,namecheap,,,20/09/2026 01:54
56ac20f5-6884-4c9d-afc1-151cffe71b1a,blond.rocks,available,11.99,21.99,high,low,5,namesilo,,,22/09/2026 22:15
91b81899-ab56-4223-ba3c-7cb40a31b39b,receives.rocks,available,11.99,21.99,medium,low,8,namesilo,,,18/09/2026 17:46
5ca2c781-2006-4961-a02c-5847ac078a5a,unnatural.rocks,available,5.99,27.99,medium,low,9,name.com,,,
2b511130-566f-427b-9562-8339a55a075e,foolish.rocks,available,11.99,21.99,high,low,7,namesilo,,,24/09/2026 11:44
e2b164e3-6374-46c0-a49d-0ddaa2e6ca03,sectioned.rocks,available,7.98,29.98,medium,low,9,namecheap,,,10/09/2026 01:20
5c46c800-98b1-4401-afb8-fc6cf7d434b6,shares.rocks,available,12.99,,high,low,6,name.com,,,
940b69b6-2802-47e0-a972-094a71e8f684,spry.rocks,available,5.99,27.99,high,low,4,name.com,,,
e0547b8c-d24d-486f-ae31-d59de2692241,carambola.rocks,available,7.98,29.98,medium,low,9,namecheap,,,21/09/2026 09:14
277f8d33-35c0-4aad-af14-102ebae76c9a,definitely.rocks,available,12.99,,high,low,10,name.com,,,
969d7dab-c347-4791-9725-5fcec8b6cdca,overdress.rocks,available,11.99,21.99,high,low,9,namesilo,,,21/09/2026 01:53
345fefce-a4a2-445c-ac55-a75517e261c7,alee.rocks,available,7.98,29.98,low,low,4,namecheap,,,13/09/2026 18:38
45125034-da82-4822-b1e8-8a041ac08a5a,aeronaut.rocks,available,11.99,21.99,high,low,8,namesilo,,,17/09/2026 13:09
8f1cd1b0-5c8d-4604-8712-5ab7c0718a94,screeching.rocks,available,7.98,29.98,medium,low,10,namecheap,,,09/09/2026 23:59
d481a90b-09f4-401f-af83-748aa5227e90,laureate.rocks,available,5.99,27.99,high,low,8,name.com,,,22/08/2026 20:57
3196eb25-b8fc-4e5b-832a-33ee35ed5aed,bosses.rocks,available,11.99,21.99,medium,low,6,namesilo,,,18/09/2026 05:55
8b1b6e49-da1d-4f5c-b765-d0e55a602f12,cappuccino.rocks,available,12.99,,high,low,10,name.com,,,
315905aa-3e06-470e-8792-466e2cd1e895,sequel.rocks,available,12.99,,high,low,6,name.com,,,
092dac6b-d527-42e7-ac9b-ea3303a75c3a,aurorean.rocks,available,5.99,27.99,medium,low,8,name.com,,,07/08/2026 18:12
bbaf0eff-abee-45d1-a935-bf2a46c0d601,pattern.rocks,available,5.99,27.99,high,low,7,name.com,,,25/08/2026 02:49
24f8eed7-e8c2-4618-bccc-d03046092311,pamela.rocks,available,12.99,,high,low,6,name.com,,,
8dbf2f7d-ef8a-4b4f-881c-13ced0a200ce,decelerate.rocks,available,7.98,29.98,medium,low,10,namecheap,,,10/09/2026 11:21
26fa595f-76cc-423c-aa7c-be895a96d853,bioweapon.rocks,available,11.99,21.99,medium,low,9,namesilo,,,23/09/2026 17:40
f253881f-0199-4a52-888f-d62d480931c1,corridor.rocks,available,12.99,,high,low,8,name.com,,,
b5e969b9-8037-46d9-99b9-f40fe209d557,recherche.rocks,available,7.98,29.98,high,low,9,namecheap,,,09/09/2026 11:27
f7352d58-c3ec-4d0c-8b25-4987601ea6e5,abulia.rocks,available,7.98,29.98,medium,low,6,namecheap,,,16/09/2026 16:41
93343924-457a-43d3-a1bb-ba7df3c71c8b,casket.rocks,available,12.99,,high,low,6,name.com,,,
1f4edb2d-bd1b-4d58-81bf-f4c5ef768610,phonologic.rocks,available,7.98,29.98,medium,low,10,namecheap,,,08/09/2026 19:14
86d03205-5a1f-4aef-9ac1-7bd58c7929b5,nicely.rocks,available,7.98,29.98,high,low,6,namecheap,,,15/09/2026 16:32
c1980850-a40a-437f-8f00-41752351afd8,narial.rocks,available,7.98,29.98,medium,low,6,namecheap,,,03/09/2026 13:14
7a0e4a86-fc83-4773-b22c-3d4d969b2d41,hypnagogic.rocks,available,5.99,27.99,medium,low,10,name.com,,,21/08/2026 17:03
654bd7dd-0131-437e-a7b5-aecc7f23075a,ashlar.rocks,available,11.99,21.99,high,low,6,namesilo,,,20/09/2026 13:55
81596347-9e3f-4ec2-882f-2143c4bf9005,grade.rocks,available,5.99,27.99,high,low,5,name.com,,,23/08/2026 00:34
9e9bf48e-6681-4689-ab08-4e42812682f2,breakfast.rocks,premium,78.54,78.54,high,low,9,namesilo,,,04/09/2026 13:27
ee3b6fc0-276e-456c-af17-37d7696248cb,mediaeval.rocks,available,5.99,27.99,medium,low,9,name.com,,,24/08/2026 18:49
afefcd8f-3919-4cad-a6c3-45981c1dd3e3,waive.rocks,available,5.99,27.99,high,low,5,name.com,,,18/08/2026 11:49
5d927ecd-f709-4da0-b73c-fba9b926429e,cagey.rocks,available,5.99,27.99,medium,low,5,name.com,,,11/08/2026 13:19
54f2934f-a28a-4025-ac46-d9417d6b1c5e,shifting.rocks,available,12.99,,high,low,8,name.com,,,
16627681-5fe9-4ae3-a6a9-3660d52b97fc,bedside.rocks,available,11.99,21.99,high,low,7,namesilo,,,22/09/2026 23:34
b20624a3-3a87-42e1-b887-d947c80da702,bronzy.rocks,available,5.99,27.99,medium,low,6,name.com,,,11/08/2026 05:39
3acdfaea-cd58-4325-9e91-10314c475181,practicing.rocks,available,12.99,,high,low,10,name.com,,,
99decb39-0b51-4208-9be3-b803637b8d44,irate.rocks,available,5.99,27.99,medium,low,5,name.com,,,22/08/2026 09:44
77ef42de-056b-4168-9c35-aa01014ea8cc,affirmed.rocks,available,7.98,29.98,high,low,8,namecheap,,,17/09/2026 14:27
1aaca213-dba3-49c9-9b1b-f80dddfcc611,jaundice.rocks,available,11.99,21.99,medium,low,8,namesilo,,,17/09/2026 03:10
e67b2453-026e-404a-a7f0-a16d6fb075ba,roomy.rocks,available,12.99,,high,low,5,name.com,,,
cdfd0719-5481-40d9-9154-21ed8940a9f3,coptic.rocks,available,5.99,27.99,high,low,6,name.com,,,13/08/2026 00:36
2e5fd0f1-853d-4aac-86b5-b051b4c7885d,barbet.rocks,available,11.99,21.99,medium,low,6,namesilo,,,22/09/2026 04:53
d18450a1-3b2a-42e0-9c35-28aa7e067c30,reserved.rocks,available,7.98,29.98,high,low,8,namecheap,,,09/09/2026 14:50
58eb34f5-fc16-4c1c-95fa-208d8f824f0c,westward.rocks,available,5.99,27.99,high,low,8,name.com,,,13/09/2026 10:55
2b4b02df-97bc-495a-8cb3-18049b7c98fd,bewilder.rocks,available,11.99,21.99,high,low,8,namesilo,,,21/09/2026 17:30
8976a598-cf9b-40c4-b4c7-eb67505dc4d5,unguided.rocks,available,7.98,29.98,medium,low,8,namecheap,,,12/09/2026 11:41
7e7a2a93-82d7-4a8a-8655-b10457a45e7a,redial.rocks,available,11.99,21.99,high,low,6,namesilo,,,16/09/2026 12:47
abd45705-d8e0-42ee-844f-708975fdd393,shortfall.rocks,available,12.99,,high,low,9,name.com,,,
46db9836-5c66-4cf0-b7d5-61dc99c4759c,returned.rocks,available,12.99,,high,low,8,name.com,,,
35529e7a-5869-41ac-8bb3-7ee0d74f1b66,bellicose.rocks,available,5.99,27.99,low,low,9,name.com,,,09/08/2026 01:44
52bf6628-d443-4eac-b330-18cd79484958,unbent.rocks,available,7.98,29.98,medium,low,6,namecheap,,,12/09/2026 01:50
8c2ade52-8d60-476c-bc59-ee57dbc735be,chemical.rocks,available,7.98,29.98,high,low,8,namecheap,,,08/09/2026 15:30
b2dbff58-1a98-4806-8c17-913a74f59e19,quintuple.rocks,available,5.99,27.99,medium,low,9,name.com,,,18/08/2026 05:54
b8841b63-8f11-4673-bbf0-cc43c83a2a7b,ridiculous.rocks,available,11.99,21.99,high,low,10,namesilo,,,24/09/2026 06:27
7ae78ede-ca88-47bc-9c1e-25cbb7eda608,gastronome.rocks,available,5.99,27.99,high,low,10,name.com,,,17/08/2026 10:44
4521a25e-4212-432c-9415-961d0348c8f2,hanoverian.rocks,available,5.99,27.99,medium,low,10,name.com,,,20/08/2026 23:44
26d6f90d-19f2-4414-bac5-dfbd1434fb52,fruitful.rocks,available,5.99,27.99,high,low,8,name.com,,,18/08/2026 17:02
17679b40-2cdf-4462-ae3f-d3e463290018,respects.rocks,available,12.99,,high,low,8,name.com,,,
5717fdfc-fd37-46b4-aed1-80ebb5fd2ccc,acheron.rocks,available,7.98,29.98,medium,low,7,namecheap,,,17/09/2026 00:29
c7f87c31-9840-46f2-b548-08237219223d,provided.rocks,available,11.99,21.99,medium,low,8,namesilo,,,16/09/2026 09:17
05efbabd-634b-4d34-a4f3-df3eb3f5e55d,unanswered.rocks,available,7.98,29.98,medium,low,10,namecheap,,,12/09/2026 00:43
2169571b-6fc2-4c9f-90cc-2ef932d5d470,barbuda.rocks,premium,78.54,78.54,medium,low,7,namesilo,,,22/09/2026 05:04
9d246a25-484e-4694-9c0f-bd107e8d600b,patrician.rocks,available,5.99,27.99,medium,low,9,name.com,,,06/08/2026 19:34
eaeb29ca-21e1-4664-9130-da4be48a2549,granddad.rocks,available,12.99,,high,low,8,name.com,,,
89420ac1-0fc9-4f93-8565-9eda08673f90,avicenna.rocks,available,11.99,21.99,high,low,8,namesilo,,,16/09/2026 18:41
f2adf2bf-4fea-43f2-ad67-dff34cf684dc,brand.rocks,resell,,,high,medium,5,"Sav.com, LLC",12/07/2019 14:46,12/07/2027 14:46,26/09/2026 04:35
c4fb6c80-ce91-4f4a-a5eb-05e9d66739f3,alms.rocks,available,11.99,21.99,medium,low,4,namesilo,,,18/09/2026 12:43
798d8f9f-0885-420a-8028-0cb93c498a4b,irksome.rocks,available,5.99,27.99,medium,low,7,name.com,,,10/08/2026 20:01
8b6928f5-dd86-48d6-b9a7-5e609850c406,scabby.rocks,available,7.98,29.98,medium,low,6,namecheap,,,09/09/2026 22:13
56723950-3753-48aa-97ed-d6365b869f64,croat.rocks,available,5.99,27.99,high,low,5,name.com,,,13/08/2026 07:34
2f217d91-574b-4697-9e4c-a89b276bf1e5,hermetic.rocks,available,5.99,27.99,medium,low,8,name.com,,,21/08/2026 07:10
51c68cea-a21d-4b1b-a840-dbac6a1809a1,paul.rocks,resell,,,high,medium,4,Dynadot Inc,26/06/2026 08:30,26/06/2027 08:30,26/09/2026 08:04
929e671b-c443-4011-87cc-a2872551db81,choking.rocks,available,11.99,21.99,medium,low,7,namesilo,,,24/09/2026 14:44
22e78f74-e4fa-496f-aed0-acbb1addbd1d,hapless.rocks,available,5.99,27.99,medium,low,7,name.com,,,20/08/2026 23:48
a8b5e55a-fb11-4f98-b068-a38a222cc4a9,ductless.rocks,available,5.99,27.99,medium,low,8,name.com,,,14/08/2026 20:54
9ddaf129-0f89-4b25-bdef-df56d5f70aab,wakening.rocks,available,12.99,,high,low,8,name.com,,,
ff74bcdc-2581-4384-9554-d1c62bafd5f4,breakable.rocks,available,5.99,27.99,medium,low,9,name.com,,,11/08/2026 02:59
5cc66769-c4e5-4ada-b386-e966dfaa84c1,narrowly.rocks,available,5.99,27.99,medium,low,8,name.com,,,15/09/2026 16:08
1f3a1e32-7a1c-40c5-ae9c-b692d558169d,suggestion.rocks,available,11.99,21.99,high,low,10,namesilo,,,25/09/2026 07:41
71ca8b6c-bae4-4994-ad38-0b777bc09c4c,grandmother.rocks,available,12.99,,high,low,11,name.com,,,
f97cff10-28b9-4640-9154-438d1f6fe9b0,middle.rocks,available,11.99,21.99,high,low,6,namesilo,,,23/09/2026 13:24
e0bac820-0e3b-43d8-bc5a-0753277fbd14,timorese.rocks,available,7.98,29.98,medium,low,8,namecheap,,,11/09/2026 16:04
df37e6a1-ad8c-4d41-bb72-4bec5d7ecb3c,veined.rocks,available,7.98,29.98,medium,low,6,namecheap,,,13/09/2026 01:53
50cb2843-349b-44ff-ba46-c5db213f1175,penal.rocks,available,7.98,29.98,medium,low,5,namecheap,,,08/09/2026 13:51
ee4985cc-8512-487a-a4e8-47edf330a399,healthcare.rocks,resell,,,high,low,10,"Global Domains International, Inc. DBA DomainCostClub.com",28/02/2026 15:15,28/02/2027 15:15,26/09/2026 06:36
5001e39e-be1f-442a-8231-2259f0fb56f5,baffle.rocks,available,7.98,29.98,high,low,6,namecheap,,,09/09/2026 08:20
6b4114fd-67de-401b-bb21-44e3691f81f1,sleeping.rocks,resell,,,high,low,8,"GoDaddy.com, LLC",06/08/2014 18:57,06/08/2027 18:57,26/09/2026 09:04
fd108cf5-89f0-406c-a68c-6437d5db8f8b,beckett.rocks,available,11.99,21.99,high,low,7,namesilo,,,22/09/2026 22:39
5c76e383-70af-44ef-bb44-c58fc2f4fe39,hefty.rocks,available,5.99,27.99,medium,low,5,name.com,,,11/08/2026 02:48
981fdf2a-96e2-44f5-aada-f4b369d48f1c,minutely.rocks,available,7.98,29.98,medium,low,8,namecheap,,,15/09/2026 15:04
e801929f-ca2e-4c47-ac8f-a51a2caefb74,natives.rocks,available,11.99,21.99,medium,low,7,namesilo,,,18/09/2026 01:41
31444f78-bd96-404e-be79-ba1d24a18f89,libyan.rocks,available,5.99,27.99,high,low,6,name.com,,,23/08/2026 00:54
f39baf06-a68c-45bd-bc1d-6ba365ff0f81,gusts.rocks,available,11.99,21.99,medium,low,5,namesilo,,,20/09/2026 20:54
480fd375-648c-4e67-8e0a-f046ea7139b1,improbable.rocks,available,5.99,27.99,medium,low,10,name.com,,,21/08/2026 23:07
b3361172-5be0-4b99-85b4-a9e55e8d7ecf,kickshaw.rocks,available,5.99,27.99,medium,low,8,name.com,,,13/08/2026 15:56
fc1853ed-854d-410a-8e6c-a25e121373f8,bargello.rocks,available,11.99,21.99,medium,low,8,namesilo,,,22/09/2026 05:48
8a52a0b1-9b58-4e92-8694-ff0145c7266e,alienor.rocks,available,11.99,21.99,medium,low,7,namesilo,,,18/09/2026 07:41
69b91692-a1f1-4be1-b583-92efeaae8127,xxxiii.rocks,available,5.99,27.99,medium,low,6,name.com,,,
4deb84d4-57d0-4642-b1d6-e6fb63264a08,adjuster.rocks,available,11.99,21.99,high,low,8,namesilo,,,17/09/2026 08:32
ec973d3a-a042-4907-b76a-3c06f4f8c07a,devoutly.rocks,available,7.98,29.98,high,low,8,namecheap,,,14/09/2026 12:30
cfcbe5bc-e60f-4083-bdf6-3b6eefffe7a0,impression.rocks,available,12.99,,high,low,10,name.com,,,
8c2663bc-838d-4bda-b03b-06304169bbd2,revolved.rocks,available,12.99,,medium,low,8,name.com,,,
10c4dc09-8fa6-45f5-9dea-5e23465c33fa,blinding.rocks,available,5.99,27.99,high,low,8,name.com,,,10/08/2026 13:42
397a9927-b084-439f-bf75-40f6d8c6cd62,fur.rocks,available,11.99,21.99,high,low,3,namesilo,,,27/09/2026 04:05
3509df36-3719-4e61-b88f-92441e77b84b,severity.rocks,available,11.99,21.99,medium,low,8,namesilo,,,20/09/2026 14:57
a85b46ca-a795-44d2-9318-940bac2eb9bc,moderation.rocks,available,12.99,,high,low,10,name.com,,,
6a83bc2e-b601-4ae5-963f-00522abe9090,colleagues.rocks,available,11.99,21.99,medium,low,10,namesilo,,,18/09/2026 23:15
2806eeea-c516-4167-aaaf-8cb2c4661de1,baroque.rocks,available,5.99,27.99,high,low,7,name.com,,,08/08/2026 20:26
19e8e26f-27a1-4f6a-ae39-389b9aee369f,murray.rocks,available,11.99,21.99,high,low,6,namesilo,,,25/09/2026 22:54
eb9bf23f-144f-48ae-b933-35a17c059a1f,dishonored.rocks,available,5.99,27.99,medium,low,10,name.com,,,14/08/2026 10:23
43fcadd4-9a28-4b73-ae31-0d2830eceef0,immediately.rocks,available,11.99,21.99,high,low,11,namesilo,,,27/09/2026 06:22
f0f5c686-c4d4-487b-9ca3-882282faa151,illness.rocks,available,12.99,,high,low,7,name.com,,,
b474c106-aeda-4efb-b516-7d46e4fcfc7d,ovens.rocks,available,11.99,21.99,medium,low,5,namesilo,,,20/09/2026 10:00
d859a350-7ea6-4342-aed4-4ff55cd0b3f3,diluted.rocks,available,5.99,27.99,medium,low,7,name.com,,,14/08/2026 07:45
3553a775-661e-4ad4-8e79-dfc75b798fbc,lavoisier.rocks,available,11.99,21.99,medium,low,9,namesilo,,,19/09/2026 15:25
aeecadc2-7310-4f40-9dd7-1c1787b07b62,adriatic.rocks,available,11.99,21.99,high,low,8,namesilo,,,17/09/2026 10:03
77b38f95-d106-405a-9ea2-33716a1c6a48,affectionate.rocks,available,12.99,,high,low,12,name.com,,,
8162ff5b-9495-491f-b44c-9daef310f2e7,destructive.rocks,available,12.99,,medium,low,11,name.com,,,
b5821c31-3560-4147-ba3e-25d6f0f7a664,noncurrent.rocks,available,7.98,29.98,medium,low,10,namecheap,,,03/09/2026 19:01
29700055-e285-4c28-9b28-93126ef52638,reviewers.rocks,available,11.99,21.99,medium,low,9,namesilo,,,21/09/2026 09:06
73f0d8db-ded9-4b76-bc8d-ef9c4248a11b,reminded.rocks,available,11.99,21.99,medium,low,8,namesilo,,,18/09/2026 03:00
e85f99b0-3e6d-4056-82c3-22f9d2bafce7,nickname.rocks,available,7.98,29.98,high,low,8,namecheap,,,24/09/2026 11:25
e01fb32e-fee0-4113-8953-7f0c046ff347,combustion.rocks,available,5.99,27.99,high,low,10,name.com,,,11/08/2026 10:57
eda58c8e-0e59-4fe0-86b8-5b1a95ffa62a,annoyance.rocks,available,5.99,27.99,high,low,9,name.com,,,
7df5326d-fa4f-48d2-8ca0-2fb0d706aaf7,minds.rocks,available,7.98,29.98,medium,low,5,namecheap,,,25/09/2026 20:20
d8506ca8-101c-4535-95af-8d61825b864a,norther.rocks,available,7.98,29.98,medium,low,7,namecheap,,,03/09/2026 21:34
bcf3ffbb-c437-4600-8d57-0b636e4fbe24,fragmental.rocks,available,5.99,27.99,medium,low,10,name.com,,,18/08/2026 14:01
b29f833a-924b-49a7-ad0b-bae683532184,kigali.rocks,available,11.99,21.99,high,low,6,namesilo,,,24/09/2026 12:21
dd948551-1afc-4617-84fd-e15a3f0c5295,conviction.rocks,available,7.98,29.98,high,low,10,namecheap,,,24/09/2026 18:01
02823735-6c0d-459a-a5f2-e1012fac0002,spurting.rocks,available,5.99,27.99,medium,low,8,name.com,,,22/08/2026 13:13
4fbcf240-9e77-4675-a96a-39848e838f31,swinging.rocks,available,5.99,27.99,high,low,8,name.com,,,23/08/2026 08:43
f7dbc694-9445-4609-9ce5-a28fc070a82a,wingless.rocks,available,5.99,27.99,medium,low,8,name.com,,,13/09/2026 12:31
168a0e6d-18cd-43b3-b313-c7e48b4659bd,quantal.rocks,available,7.98,29.98,medium,low,7,namecheap,,,09/09/2026 07:28
009f3a32-d69c-4e5c-a5d1-40beb690e27a,leger.rocks,available,11.99,21.99,medium,low,5,namesilo,,,16/09/2026 23:07
d4a94d4b-3880-4adf-a69d-b9f50b6bcd35,mecca.rocks,premium,123.75,,high,low,5,name.com,,,
865db391-eb68-4c1b-a92c-edd5089f8595,belling.rocks,available,11.99,21.99,high,low,7,namesilo,,,23/09/2026 06:11
337dd68f-6be5-49a1-bc82-56684d9a3343,evenfall.rocks,available,5.99,27.99,medium,low,8,name.com,,,11/09/2026 21:46
748f7d2f-1dc8-4902-a967-393cf9ddaafd,ariana.rocks,available,11.99,21.99,high,low,6,namesilo,,,20/09/2026 05:10
d0c7b34b-cbe7-44fd-9007-599b0574f42d,blistering.rocks,available,5.99,27.99,high,low,10,name.com,,,
7ca0deb0-bb38-4230-bf35-5bf43b14da40,niner.rocks,available,5.99,27.99,medium,low,5,name.com,,,
1468ed55-b161-413b-848d-a9a99e073aef,eruptive.rocks,available,5.99,27.99,medium,low,8,name.com,,,17/08/2026 13:12
fd2143af-2674-4e57-9069-8466d04e504e,cryogenic.rocks,available,5.99,27.99,medium,low,9,name.com,,,13/08/2026 09:35
26b21692-01f7-44ce-a9af-1b5c650969a8,limbless.rocks,available,5.99,27.99,medium,low,8,name.com,,,23/08/2026 12:35
ca4e135a-edd6-4e76-8f32-402e7f2180ca,boiling.rocks,available,7.98,29.98,high,low,7,namecheap,,,14/09/2026 00:51
014f6578-f0ec-43ac-bf88-46066a111568,sodomy.rocks,available,5.99,27.99,medium,low,6,name.com,,,19/09/2026 01:34
b132bfae-e116-4b87-9ed2-b2b97361e4b6,squat.rocks,available,11.99,21.99,high,low,5,namesilo,,,25/09/2026 15:16
2bd7e99a-a54d-40ee-bf1c-f287b9bf8d61,balboa.rocks,available,7.98,29.98,high,low,6,namecheap,,,21/09/2026 21:24
ff387ecc-755b-47f9-a5a3-ad47575c6da7,arrives.rocks,available,7.98,29.98,medium,low,7,namecheap,,,20/09/2026 01:05
f0c267a0-6e89-40d2-ac48-ef4f4d67e311,inflowing.rocks,available,5.99,27.99,high,low,9,name.com,,,22/08/2026 04:34
6728b4a3-4856-4506-8971-d9634217f68a,heads.rocks,available,12.99,,high,low,5,name.com,,,
d267c645-81e4-4756-a370-ed0a6f2ecaf7,widget.rocks,available,11.99,21.99,high,low,6,namesilo,,,19/09/2026 21:50
5a9ca23f-165a-4390-8644-fa976d92d84d,juice.rocks,available,11.99,21.99,high,low,5,namesilo,,,25/09/2026 11:20
4edeeda2-fe5d-4e25-ba4f-2a6ba35c4e71,choices.rocks,available,11.99,21.99,high,low,7,namesilo,,,17/09/2026 06:36
fa162ae1-33b0-405d-b8c5-82247d51d5af,sextet.rocks,available,5.99,27.99,high,low,6,name.com,,,
aeebc58b-c6be-4780-8b9b-99244433e4e1,aftercare.rocks,available,11.99,21.99,high,low,9,namesilo,,,17/09/2026 15:35
b0d03edc-73d2-4e94-8abe-f0bea6512a07,forensic.rocks,available,7.98,29.98,high,low,8,namecheap,,,08/09/2026 15:50
de6d614a-31fc-4e6a-8ed7-d3037c1a2bf8,twiggy.rocks,available,7.98,29.98,medium,low,6,namecheap,,,11/09/2026 21:34
bb7a000d-921d-4808-b3e5-7e3a71eb98f7,blithely.rocks,available,7.98,29.98,medium,low,8,namecheap,,,14/09/2026 00:31
f42c839f-aad8-4a33-a433-16de03ff569a,stained.rocks,available,7.98,29.98,medium,low,7,namecheap,,,10/09/2026 18:14
3a57daf5-c2fa-4fa9-874b-ff51f839c19d,jib.rocks,available,11.99,21.99,high,low,3,namesilo,,,21/09/2026 22:10
2f8e308c-6a77-4ddc-90eb-49e4d7b999ab,idly.rocks,available,7.98,29.98,high,low,4,namecheap,,,15/09/2026 01:38
199f8e8e-29a6-4f9d-9f6f-d867b708ab5d,come.rocks,available,12.99,,high,low,4,name.com,,,
6c696964-0d2c-488a-baa3-3bd901519b87,tongues.rocks,available,11.99,21.99,medium,low,7,namesilo,,,18/09/2026 07:52
5c6e8fc9-ccac-4401-b2a4-74c05dd38cdf,uncanny.rocks,available,5.99,27.99,high,low,7,name.com,,,16/08/2026 02:23
fd54252b-d3a5-4ae9-946e-cc76c0c0ea3d,barbecuing.rocks,available,11.99,21.99,high,low,10,namesilo,,,22/09/2026 04:46
54dd81f7-44f2-492d-8ddc-0f3c0ff40ff5,retained.rocks,available,12.99,,high,low,8,name.com,,,
b82764c1-f243-4c7f-817e-dbc5314fce24,arbitrarily.rocks,available,12.99,,medium,low,11,name.com,,,
ffa122fd-9a61-4d00-83e6-206ac05385f4,forgo.rocks,available,5.99,27.99,high,low,5,name.com,,,18/08/2026 11:51
b1914e07-59be-4819-9f59-2d6f9a525027,striate.rocks,available,7.98,29.98,medium,low,7,namecheap,,,10/09/2026 22:36
22d41771-92f3-4392-9ae5-d76a0fe9329e,bereft.rocks,available,5.99,27.99,low,low,6,name.com,,,09/08/2026 15:05
354ee920-50db-43fe-a496-5c9565da059b,glowing.rocks,available,5.99,27.99,high,low,7,name.com,,,20/08/2026 15:08
7c964ac9-5dd2-4189-8409-8bd753906322,catholic.rocks,available,5.99,27.99,high,low,8,name.com,,,11/08/2026 22:01
ad4a3dc3-2c37-4343-af35-9dc215456a29,fiddling.rocks,available,5.99,27.99,medium,low,8,name.com,,,18/08/2026 03:28
5d9b649c-fd14-4809-ab39-88a49336c298,crooner.rocks,available,7.98,29.98,high,low,7,namecheap,,,21/09/2026 22:42
417f70fd-5a51-4346-9889-2284319e71bd,yucky.rocks,available,5.99,27.99,medium,low,5,name.com,,,14/08/2026 10:51
a790b62e-b6a3-4f26-9cb0-d28327d9405f,guarded.rocks,available,5.99,27.99,high,low,7,name.com,,,20/08/2026 20:41
3d120d2b-9cf6-4792-b531-70c4e27260d0,boxers.rocks,available,12.99,,high,low,6,name.com,,,
38c42187-a9f8-4a05-a350-a18f48a4e8b0,applicator.rocks,available,11.99,21.99,medium,low,10,namesilo,,,19/09/2026 21:55
2e3410a6-df0b-4a64-97fd-6c7c96da431e,buds.rocks,available,5.99,27.99,medium,low,4,name.com,,,20/09/2026 03:42
e928b11d-2313-4724-867d-1b70cf669f78,adoptable.rocks,available,5.99,27.99,high,low,9,name.com,,,
fd67bd60-fa1c-4d9d-b4b2-faf1443a5beb,plushy.rocks,available,5.99,27.99,medium,low,6,name.com,,,24/08/2026 11:02
c7663cb3-2dc2-4d37-9cf4-a6f2096ca4e1,cathedra.rocks,available,11.99,21.99,medium,low,8,namesilo,,,23/09/2026 21:50
8d3c91c7-d9c9-4bf9-a827-1485cd0aecf9,unworthy.rocks,available,5.99,27.99,medium,low,8,name.com,,,14/08/2026 04:05
86ce2e27-6466-411c-a681-b685fecc0281,colorise.rocks,available,5.99,27.99,medium,low,8,name.com,,,12/08/2026 17:36
9bcf60e5-60f3-4247-9134-23711f1880b5,aweigh.rocks,available,5.99,27.99,low,low,6,name.com,,,07/08/2026 14:29
8f8d6a00-c625-40f2-949a-d31d7827b3b5,treasonous.rocks,available,5.99,27.99,medium,low,10,name.com,,,17/08/2026 21:20
66b2fc0d-e11d-4da7-89ff-b01b728803b9,passe.rocks,available,5.99,27.99,medium,low,5,name.com,,,14/08/2026 01:17
a2056047-a30f-4d07-adcf-1cf8bf00d3bd,thermic.rocks,available,5.99,27.99,medium,low,7,name.com,,,11/08/2026 15:05
998b2efe-f8e1-49de-be69-687f60ce6460,genially.rocks,available,7.98,29.98,medium,low,8,namecheap,,,13/09/2026 17:52
128a3136-98d6-44fd-85c6-0c6950d7ad2b,rome.rocks,premium,854,854,high,low,4,namesilo,,,25/09/2026 03:56
054cfb55-b1b1-4ae4-a234-b9351f751129,murderer.rocks,available,11.99,21.99,medium,low,8,namesilo,,,25/09/2026 08:59
2dbb633e-4cf3-43af-acd0-44f1c5bc9cde,envious.rocks,available,11.99,21.99,medium,low,7,namesilo,,,24/09/2026 01:02
f2f8a4dc-c9c3-450c-ad6a-c730c9b9763e,returns.rocks,available,11.99,21.99,high,low,7,namesilo,,,17/09/2026 17:19
d79c7339-89ae-4f03-8278-7dc4d80004a0,provision.rocks,available,12.99,,high,low,9,name.com,,,
7fa968ef-ac03-4d12-a66b-88d52599f6e9,heilong.rocks,available,11.99,21.99,medium,low,7,namesilo,,,19/09/2026 00:15
751a59a2-8c7c-4a0c-8557-b51580a6d6da,agee.rocks,available,11.99,21.99,medium,low,4,namesilo,,,17/09/2026 16:52
33f7e4f8-9c74-425e-ac00-f130bf19dc24,larboard.rocks,available,5.99,27.99,medium,low,8,name.com,,,22/08/2026 19:51
b95585bc-bdc9-4be0-82a2-9b33c3f98073,dogging.rocks,available,5.99,27.99,medium,low,7,name.com,,,14/08/2026 15:03
9d173032-7a26-4035-a007-fd4ce30a598a,britain.rocks,premium,123.75,,high,low,7,name.com,,,
ad20e757-1938-4dbc-a1ba-8bbf9aa54369,lillie.rocks,available,11.99,21.99,high,low,6,namesilo,,,22/09/2026 21:47
b1f31a90-d7aa-4584-9dc2-63ca8f04b1e0,arrests.rocks,available,7.98,29.98,medium,low,7,namecheap,,,20/09/2026 19:12
e755bc4a-17b8-4688-bac1-06b61e9a4e2d,yellow.rocks,available,11.99,21.99,high,medium,6,namesilo,,,23/09/2026 14:15
c1d4a4a4-b1cd-4f45-8576-0d862df34118,resentment.rocks,available,11.99,21.99,medium,low,10,namesilo,,,23/09/2026 23:03
e4671148-0b53-476a-b18f-1d18c9379d03,wallet.rocks,resell,,,high,medium,6,"NameSilo, LLC",05/05/2020 05:47,05/05/2027 05:47,26/09/2026 10:03
19ae9856-9c89-4308-a04a-69cfcc074568,probing.rocks,available,5.99,27.99,high,low,7,name.com,,,22/08/2026 06:21
e15839c6-2a82-4b0f-b9c5-1a5ee21b9ac2,prc.rocks,premium,128.7,128.7,high,low,3,namecheap,,,25/09/2026 22:08
8f5f8b79-1f51-4444-bbca-a58544642a1b,mannerism.rocks,available,11.99,21.99,high,low,9,namesilo,,,17/09/2026 14:14
94b3b8b2-2e75-4f45-a7c4-eae639d1cc83,malayan.rocks,available,5.99,27.99,high,low,7,name.com,,,24/08/2026 13:44
abcf10b6-8066-4db3-93f1-82eafcc6b6e1,magically.rocks,available,7.98,29.98,high,low,9,namecheap,,,13/09/2026 21:17
2c339602-f3fc-4cc0-85b0-0cc2d44626c5,disappointed.rocks,available,12.99,,medium,low,12,name.com,,,
380b07f9-69a3-4f95-92a1-4f933db6e7e6,acrylic.rocks,available,7.98,29.98,high,low,7,namecheap,,,17/09/2026 04:05
9c1ad2af-7bf7-4c64-a7f0-b50f5515d960,sphincter.rocks,available,11.99,21.99,medium,low,9,namesilo,,,19/09/2026 03:31
539ceb2e-2159-440b-a172-df4435cdcb38,bernoulli.rocks,available,11.99,21.99,medium,low,9,namesilo,,,23/09/2026 09:57
0e713865-3cbd-4335-aa7d-bee787e2f64d,ringing.rocks,available,5.99,27.99,high,low,7,name.com,,,27/09/2026 05:00
070548f4-6244-4da2-a478-f18b27f47ab6,results.rocks,available,7.98,29.98,high,low,7,namecheap,,,
75b6a844-fffa-4cf0-a761-306403c3a3f2,perceived.rocks,available,11.99,21.99,high,low,9,namesilo,,,27/09/2026 03:28
768b415e-99ea-462a-b8a5-4cd5c9eed2f8,braced.rocks,available,5.99,27.99,medium,low,6,name.com,,,11/08/2026 00:17
1d4c0b7f-90b2-464e-a1f1-5ce958344905,sporty.rocks,available,7.98,29.98,high,low,6,namecheap,,,10/09/2026 16:35
12109d34-c6db-4867-982b-541d19c29659,axonal.rocks,available,5.99,27.99,medium,low,6,name.com,,,08/08/2026 02:01
4a953dce-d9e2-4004-862b-b669182b2b4a,visualized.rocks,available,11.99,21.99,high,low,10,namesilo,,,24/09/2026 14:20
a78c9a81-4bd1-435e-8532-8232e2d3525d,triennial.rocks,available,7.98,29.98,high,low,9,namecheap,,,11/09/2026 19:31
08af391b-43f9-4267-8efb-7fa13bfa612d,filets.rocks,available,7.98,29.98,medium,low,6,namecheap,,,20/09/2026 11:33
e9ffb63e-8218-4253-a8f6-f9cb191f47b4,lewdly.rocks,available,7.98,29.98,low,low,6,namecheap,,,15/09/2026 11:12
d6628e10-60bc-4845-b271-a215ff5b3557,gelid.rocks,available,5.99,27.99,medium,low,5,name.com,,,18/08/2026 21:05
23aec1e5-4541-4ba9-b62d-93e302862b23,flags.rocks,available,,,high,low,5,,,,
981c2769-1e17-4367-835b-ae6800c806d4,knee.rocks,available,11.99,21.99,high,low,4,namesilo,,,20/09/2026 11:27
90d38883-8e22-476f-8d93-2c6b4578e896,inhouse.rocks,available,12.99,,high,low,8,name.com,,,
7cb52cb8-cd0e-42f8-bf30-d8d1291523c3,brotherly.rocks,available,5.99,27.99,high,low,9,name.com,,,11/08/2026 06:18
27275d12-1a0f-4c35-baa7-0447779ec387,legally.rocks,available,5.99,27.99,medium,low,7,name.com,,,13/08/2026 19:07
0f7dca59-abe7-492a-b3ed-2a1eba94aa11,majuscule.rocks,available,5.99,27.99,medium,low,9,name.com,,,24/08/2026 13:26
cf79575b-82ac-4647-bd2b-22f61cdb5802,merchants.rocks,available,11.99,21.99,high,low,9,namesilo,,,18/09/2026 04:36
f33a9dff-5945-48f4-b8d2-7e07f4b77149,enthusiasm.rocks,available,12.99,,high,low,10,name.com,,,
d07b562e-e0fa-4d28-9497-05050a210a35,begin.rocks,available,11.99,21.99,high,low,5,namesilo,,,23/09/2026 09:05
b51bb46e-59a6-460b-a003-d4380f854398,tasty.rocks,available,7.98,29.98,high,low,5,namecheap,,,11/09/2026 09:04
711cc161-9d66-42d3-bd7f-2d5edd5d72d5,tainted.rocks,available,7.98,29.98,medium,low,7,namecheap,,,11/09/2026 07:12
81968e15-aaff-4534-af68-54b16edba38d,streets.rocks,available,12.99,,high,low,7,name.com,,,
22f23e59-5f05-49f6-bd2a-8ec1cfb81832,identify.rocks,available,11.99,21.99,high,low,8,namesilo,,,25/09/2026 12:36
8d87f836-82ee-4c9c-86ff-5ec542275cab,leigh.rocks,available,5.99,27.99,high,low,5,name.com,,,25/09/2026 08:55
045b7c54-4763-4e77-b1e0-eb8b5aa025d0,dalliance.rocks,available,7.98,29.98,high,low,9,namecheap,,,11/09/2026 19:38
ed918062-bcb1-488f-9075-8d31748ed5a9,cesium.rocks,available,7.98,29.98,medium,low,6,namecheap,,,20/09/2026 23:15
0a087e73-c35a-40c4-9c85-dd6c578b4a7a,anorexic.rocks,available,5.99,27.99,medium,low,8,name.com,,,
1e84074f-609c-4c13-b7e4-3d86d1f46e37,shadowed.rocks,available,7.98,29.98,medium,low,8,namecheap,,,10/09/2026 05:25
954c3eea-7c57-45cb-a606-d1fe8b46185f,agnostical.rocks,available,5.99,27.99,medium,low,10,name.com,,,
c5c8368e-1070-4f90-a02d-0138b86fa22f,armeria.rocks,available,11.99,21.99,medium,low,7,namesilo,,,20/09/2026 06:43
efe53c26-0588-4372-91a1-3cf4ba63faa2,neapolitan.rocks,available,7.98,29.98,high,low,10,namecheap,,,03/09/2026 14:18
87079784-41d4-448a-a344-2292d82e1d25,emerging.rocks,available,5.99,27.99,high,low,8,name.com,,,16/08/2026 15:03
f11ea992-e4c8-4cb0-b603-5010b435e236,crook.rocks,available,5.99,27.99,medium,low,5,name.com,,,13/08/2026 06:27
f417f953-39b1-4e8d-bb2f-bc44c34b0aad,offense.rocks,available,7.98,29.98,high,low,7,namecheap,,,04/09/2026 01:32
6b9a6175-f174-4a63-b895-a6a1b77c002b,mendicant.rocks,available,5.99,27.99,medium,low,9,name.com,,,24/08/2026 20:08
6475b19d-9821-4fcd-b4df-431a8db4aa85,lab.rocks,resell,,,high,medium,3,Dynadot Inc,06/08/2014 17:00,06/08/2027 17:00,26/09/2026 07:07
c5794a2f-5641-43e1-be12-c2f3ee3940e3,whalebone.rocks,available,11.99,21.99,medium,low,9,namesilo,,,21/09/2026 21:50
7fdccdee-3e1e-4db8-bcd5-f16a47530d1d,dastardly.rocks,available,5.99,27.99,medium,low,9,name.com,,,13/08/2026 18:31
022254c7-237e-4589-901b-2e8c7a3b517a,ashram.rocks,available,11.99,21.99,high,low,6,namesilo,,,20/09/2026 13:58
bb6b7093-c3dd-419f-985b-f1c73776b514,arctangent.rocks,available,11.99,21.99,medium,low,10,namesilo,,,20/09/2026 01:30
22f730c6-349e-46b9-b3d6-d591fd46e604,bargee.rocks,available,11.99,21.99,medium,low,6,namesilo,,,22/09/2026 05:47
33a9f0a3-702a-40d1-8ae4-0504614f88d5,daydreams.rocks,available,7.98,29.98,medium,low,9,namecheap,,,19/09/2026 21:17
51795274-9f5b-40e3-8ccd-ff2d8c107beb,changeless.rocks,available,5.99,27.99,medium,low,10,name.com,,,12/08/2026 01:58
02ce1f37-99ab-43be-8e32-0bea6d74aef2,incidental.rocks,available,5.99,27.99,high,low,10,name.com,,,
37e14957-966e-4019-9df4-22099a1285da,billfish.rocks,available,11.99,21.99,medium,low,8,namesilo,,,23/09/2026 16:15
328441ce-5e30-4ee6-abb6-eb2bb2e1af8f,augury.rocks,available,7.98,29.98,medium,low,6,namecheap,,,21/09/2026 03:41
334365b1-d94e-4084-9914-46db2956c05e,alphavirus.rocks,available,11.99,21.99,medium,low,10,namesilo,,,18/09/2026 13:47
9b7a2193-5803-4beb-b724-93bf2adc1290,beleaguer.rocks,available,11.99,21.99,medium,low,9,namesilo,,,21/09/2026 17:03
689002e9-ce74-46de-ad1c-497850fdc633,crossways.rocks,available,7.98,29.98,medium,low,9,namecheap,,,14/09/2026 09:48
1ab91524-7f1f-42e5-b88e-13490ac9755b,adapid.rocks,available,11.99,21.99,low,low,6,namesilo,,,17/09/2026 06:24
cef6e101-1e87-416a-bb23-6cecb4c30b9f,commanding.rocks,available,11.99,21.99,high,low,10,namesilo,,,23/09/2026 15:41
cc551839-f7dd-40ca-aa6e-3a8299b5194f,hearable.rocks,available,5.99,27.99,medium,low,8,name.com,,,07/08/2026 16:35
1f04a297-764c-4063-9550-e50bd5aa5af2,raffish.rocks,available,5.99,27.99,medium,low,7,name.com,,,13/08/2026 17:31
884f1338-a8a2-4158-b6c0-172efc4d6fe9,patrol.rocks,available,11.99,21.99,high,low,6,namesilo,,,25/09/2026 23:57
7f2c9c88-e9c5-45d0-8c56-0d1cff0e2b15,conduction.rocks,available,12.99,,high,low,10,name.com,,,
88772cce-5575-4c67-ad79-8353ad657eb2,coming.rocks,available,11.99,21.99,high,low,6,namesilo,,,23/09/2026 15:31
30447853-7811-4a31-a294-9558ab863976,verona.rocks,premium,78.54,78.54,high,low,6,namesilo,,,27/09/2026 05:51
00accb95-b034-4c77-b958-33ad71ca32a0,squirting.rocks,available,5.99,27.99,medium,low,9,name.com,,,22/08/2026 13:15
bb745bc4-0733-45b5-8a8d-5d7420285681,fisheye.rocks,available,5.99,27.99,high,low,7,name.com,,,18/08/2026 05:28
c71c136f-2c57-4a29-885e-087f810b0b06,variably.rocks,available,11.99,21.99,medium,low,8,namesilo,,,16/09/2026 10:46
677c0043-d51e-4dda-b83e-28dc195af4ca,biff.rocks,available,7.98,29.98,medium,low,4,namecheap,,,23/09/2026 13:51
9c471f43-7df8-44a4-aaac-716737cb69fc,salacious.rocks,available,5.99,27.99,medium,low,9,name.com,,,23/08/2026 00:40
1c2a7a2a-ad61-4dd1-90d2-fa1b340e4af2,prox.rocks,available,7.98,29.98,medium,low,4,namecheap,,,09/09/2026 04:42
c70b334b-f111-40c7-8b73-7a73b296c2a9,disgrace.rocks,available,12.99,,high,low,8,name.com,,,
cd382d27-b41d-4fa4-afa3-650dfd832ff6,bacterial.rocks,available,7.98,29.98,high,low,9,namecheap,,,22/09/2026 16:00
a40c2b5f-b4dd-4be5-a12b-0986070c3a06,uncrowded.rocks,available,7.98,29.98,medium,low,9,namecheap,,,12/09/2026 06:35
6362ee47-df48-4071-b4dd-65383e1acecb,despicable.rocks,available,5.99,27.99,medium,low,10,name.com,,,14/08/2026 04:00
9c9a0afd-5f13-4b21-98a2-4c46e691c3a1,stingless.rocks,available,7.98,29.98,medium,low,9,namecheap,,,10/09/2026 20:48
739ce446-15c1-42e3-9058-d7d39d7cf209,synoptic.rocks,available,5.99,27.99,high,low,8,name.com,,,11/09/2026 06:33
96db2bea-6b64-41b1-8054-9ad7f23e8924,knackered.rocks,available,5.99,27.99,medium,low,9,name.com,,,22/08/2026 16:23
ac8263bf-4c2c-4db7-a1ba-5c8344ef4c99,temple.rocks,available,,,high,high,6,,,,
458d90c3-ec9e-44d6-8747-f34a59917c1b,rightist.rocks,available,7.98,29.98,high,low,8,namecheap,,,09/09/2026 17:31
2a392d30-a7ac-4f64-bbe6-cbc4aafe4e7d,megabucks.rocks,available,7.98,29.98,high,low,9,namecheap,,,23/09/2026 14:11
4999c385-a309-4144-a25b-ae398c29a9e9,balefire.rocks,available,11.99,21.99,medium,low,8,namesilo,,,21/09/2026 21:52
c6a49eda-05e3-4c42-8a20-bda48b8f7610,aphakia.rocks,available,11.99,21.99,medium,low,7,namesilo,,,19/09/2026 16:51
5b7b5792-1b69-4c83-90a3-1d00e66b6353,wooded.rocks,available,7.98,29.98,high,low,6,namecheap,,,13/09/2026 13:11
d55b0148-17e5-4104-b2ca-d241a6afdc59,bedevil.rocks,available,5.99,27.99,medium,low,7,name.com,,,14/08/2026 21:15
f66c9f69-eef7-47c5-ab9d-a2fad2a34d4b,unhealed.rocks,available,7.98,29.98,medium,low,8,namecheap,,,12/09/2026 12:08
4ba678e1-2ba3-4082-a174-45cfcfaace7c,radically.rocks,available,7.98,29.98,medium,low,9,namecheap,,,15/09/2026 22:20
681761ad-8fee-4f34-b4c5-c6a6349eff43,glimpse.rocks,available,11.99,21.99,high,low,7,namesilo,,,24/09/2026 18:42
be5081b0-2a97-4108-a8fa-4561e56582fe,contented.rocks,available,11.99,21.99,high,low,9,namesilo,,,23/09/2026 21:58
b16f4d81-076c-4288-a44c-99101e3e5045,ebay.rocks,available,,,high,high,4,,,,
b7bd0b56-1661-4e76-929c-4157a3cd3205,yur.rocks,available,12.99,,high,low,3,name.com,,,
9704b849-5132-4e13-adb1-da2b5e956e7e,outflank.rocks,available,5.99,27.99,medium,low,8,name.com,,,09/08/2026 17:48
8d18ea1d-256b-4785-a33a-b3a24afdb4ee,aiglet.rocks,available,7.98,29.98,medium,low,6,namecheap,,,17/09/2026 18:23
80f3e214-a737-4407-906f-5f047937ae00,fussy.rocks,available,5.99,27.99,medium,low,5,name.com,,,08/08/2026 07:47
f52c1696-bd77-4241-bc7b-d796037a3793,athabascan.rocks,available,7.98,29.98,medium,low,10,namecheap,,,20/09/2026 20:23
dff4186f-b5b0-4a20-8412-5ae3f7bcaf1d,lxxxvi.rocks,available,5.99,27.99,medium,low,6,name.com,,,
15ee3664-98a5-4003-b150-6ccd0c116cec,beetling.rocks,available,5.99,27.99,medium,low,8,name.com,,,09/08/2026 08:22
84d60e07-2448-4cbc-83cc-80ad97cd5e59,stoically.rocks,available,11.99,21.99,medium,low,9,namesilo,,,16/09/2026 07:14
17445c80-5f74-4172-b878-e46559a7be7c,loop.rocks,available,,,high,high,4,,,,
aed4c416-d303-4106-b0b8-874840523a39,accessories.rocks,available,7.98,29.98,medium,low,11,namecheap,,,25/09/2026 02:50
8981277d-ffc2-4a0e-89b2-9782e2dd69da,armful.rocks,available,11.99,21.99,medium,low,6,namesilo,,,20/09/2026 06:50
70ed3264-b8df-45e8-8688-a9617208160a,catarrhine.rocks,available,5.99,27.99,medium,low,10,name.com,,,11/08/2026 21:11
d5af723b-5edd-4677-8aab-a5fa24d007b5,shush.rocks,available,12.99,,medium,low,5,name.com,,,
f3caf7d7-c00f-4d37-9364-90283daa7e5e,untried.rocks,available,7.98,29.98,medium,low,7,namecheap,,,12/09/2026 21:15
a19f2e6c-d504-4fea-b358-82a061d915dd,episcopal.rocks,available,5.99,27.99,high,low,9,name.com,,,17/08/2026 11:09
4baa5081-9d59-4529-8a00-d8f7893b91b2,untethered.rocks,available,7.98,29.98,medium,low,10,namecheap,,,12/09/2026 21:16
40fa4426-3a22-414f-9140-d9dc303af3d6,assets.rocks,available,7.98,29.98,high,low,6,namecheap,,,20/09/2026 16:21
720d9cd3-37c4-4f46-a491-f8f9455bd8e2,anasazi.rocks,available,5.99,27.99,high,low,7,name.com,,,19/09/2026 03:16
93cdf350-2f32-483e-beda-637eab98e02e,acadia.rocks,available,5.99,27.99,high,low,6,name.com,,,16/09/2026 20:28
cd89ecc4-d024-4603-a6b6-811000a4ba38,cupboards.rocks,available,11.99,21.99,medium,low,9,namesilo,,,20/09/2026 06:12
e0cb4cdc-e107-46e6-803d-bd81dfc54d34,anorgasmia.rocks,available,11.99,21.99,medium,low,10,namesilo,,,19/09/2026 11:47
5061df09-b503-4e44-b64f-943f114abb94,coffeecakes.rocks,available,11.99,21.99,medium,low,11,namesilo,,,21/09/2026 00:59
ad530443-5967-4647-a05d-ad2603dc5a60,hereabout.rocks,available,7.98,29.98,medium,low,9,namecheap,,,15/09/2026 00:18
b6fb0542-9b99-4e1f-a549-cf8441e6da79,ashir.rocks,available,11.99,21.99,medium,low,5,namesilo,,,20/09/2026 13:53
38c8b3c2-222b-46e3-bf46-5b8ebcbdb17d,sometime.rocks,available,7.98,29.98,high,low,8,namecheap,,,10/09/2026 14:04
71e724b9-a372-47ec-bc95-1a66cb9c7d1c,heartthrob.rocks,available,12.99,,high,low,10,name.com,,,
ae4da155-3e68-4e0b-898e-dde2b5876295,vanilla.rocks,available,7.98,29.98,high,low,7,namecheap,,,13/09/2026 01:08
0f1fae6c-62e4-4fa6-ad56-ea683f72dc65,benefic.rocks,available,5.99,27.99,medium,low,7,name.com,,,09/08/2026 14:18
98cebd9f-2a53-43f6-b271-e548fd99d855,fishing.rocks,premium,38.94,38.94,high,low,7,namesilo,,,27/09/2026 03:59
cfbca727-c103-4f1f-9daa-61ca2ff9baee,sharing.rocks,resell,,,high,low,7,Porkbun LLC,22/10/2024 19:05,22/10/2027 19:05,26/09/2026 08:58
c95a86c2-d3db-4fc7-895c-f226b2b21e3a,parvenue.rocks,available,7.98,29.98,medium,low,8,namecheap,,,03/09/2026 22:16
55cad6c2-5dee-453c-9251-10df46a2206b,kept.rocks,available,7.98,29.98,high,low,4,namecheap,,,25/09/2026 12:27
be40de76-917a-464d-9f1f-1a3edb6a45a8,sweltering.rocks,available,7.98,29.98,medium,low,10,namecheap,,,11/09/2026 05:40
2cc505cb-09fe-4973-9963-be2f1ee4f957,gingery.rocks,available,5.99,27.99,high,low,7,name.com,,,18/08/2026 23:53
46b781b4-c574-4822-8d10-33f51a9a6d5e,clueless.rocks,available,5.99,27.99,medium,low,8,name.com,,,12/08/2026 13:05
f4e9bdaf-fc8f-4486-961a-dc4a8b51593a,deciders.rocks,available,7.98,29.98,medium,low,8,namecheap,,,20/09/2026 23:38
7b9fecba-75d2-40d6-b1e9-0af063679c7a,impeding.rocks,available,5.99,27.99,medium,low,8,name.com,,,12/08/2026 11:44
885cd158-a30d-4a56-9f49-55ff92ab07a7,liberian.rocks,available,5.99,27.99,high,low,8,name.com,,,23/08/2026 00:47
5abb782b-3fa4-45c7-954e-d8aba6945a0c,midland.rocks,available,5.99,27.99,high,low,7,name.com,,,24/08/2026 22:36
39657aed-5f29-4912-aa95-777a21d879ca,manlike.rocks,available,5.99,27.99,medium,low,7,name.com,,,24/08/2026 14:48
ddb6b8c6-f841-4c40-8317-dce88fa85023,reacted.rocks,available,11.99,21.99,medium,low,7,namesilo,,,20/09/2026 00:48
4433bacd-0225-4ee3-a129-e4e3bf5bd951,moravian.rocks,available,5.99,27.99,high,low,8,name.com,,,25/08/2026 06:14
731852d9-9c54-47c1-b6f9-17f88aa9aeb7,robust.rocks,available,5.99,27.99,high,low,6,name.com,,,18/08/2026 18:02
86dd1622-dd5b-4e14-9d43-30fd80e4b76f,angelica.rocks,available,7.98,29.98,high,low,8,namecheap,,,19/09/2026 05:57
aaeb75a5-cea0-4c85-8ec3-46b5713906a4,weighing.rocks,available,11.99,21.99,high,low,8,namesilo,,,17/09/2026 11:27
f4f3c640-43f5-4d8c-941f-5ce3a2260882,canorous.rocks,available,5.99,27.99,medium,low,8,name.com,,,11/08/2026 17:35
15bec560-bae4-4d81-9163-5a85d46947c7,gustatory.rocks,available,5.99,27.99,medium,low,9,name.com,,,20/08/2026 21:07
50e4aee0-a03a-4c02-8321-23164facb5aa,consular.rocks,available,5.99,27.99,high,low,8,name.com,,,12/08/2026 23:02
2cdd9359-11c5-4784-90f0-f9feaabe6751,windsor.rocks,premium,118.8,118.8,high,low,7,namesilo,,,
761cb99c-a19c-4c00-9a84-bc5285d2ec53,offence.rocks,available,7.98,29.98,medium,low,7,namecheap,,,04/09/2026 01:34
7bdadd47-d20e-4ba7-8a0f-ed80ed7d07b3,afferent.rocks,available,5.99,27.99,high,low,8,name.com,,,
2bcda507-f454-4775-80a4-cedf021a6117,recommending.rocks,available,11.99,21.99,medium,low,12,namesilo,,,20/09/2026 20:42
59a190d2-a0e3-4628-990b-46bb41926f75,nonu.rocks,available,7.98,29.98,medium,low,5,namecheap,,,03/09/2026 18:37
7a467dc7-7171-4f82-8d2f-f6d74037449e,eyeshadow.rocks,available,7.98,29.98,high,low,10,namecheap,,,
46fb2b46-0915-447c-8db9-71ef06330b9b,baisa.rocks,available,7.98,29.98,medium,low,5,namecheap,,,21/09/2026 19:36
48abc785-3383-4402-9406-45e35177bd2e,wishes.rocks,available,7.98,29.98,medium,low,6,namecheap,,,25/09/2026 20:13
32b9546e-a970-434c-b987-b188f675886f,whim.rocks,available,7.98,29.98,high,low,4,namecheap,,,24/09/2026 12:39
dabd8ccb-2f04-449e-ade9-bd265212ad4f,zoomed.rocks,available,11.99,21.99,medium,low,6,namesilo,,,18/09/2026 03:48
c101ce96-091f-44f2-8f8d-436713c8dfe6,hexangular.rocks,available,5.99,27.99,medium,low,10,name.com,,,21/08/2026 07:48
3fe6c273-753e-4d40-b503-5aebbfef1c7e,poetic.rocks,available,7.98,29.98,high,low,6,namecheap,,,08/09/2026 22:33
487a16d2-5d2c-4201-9b31-d614f24dcc6d,unripe.rocks,available,7.98,29.98,medium,low,6,namecheap,,,12/09/2026 18:30
e8fdf01e-e9ac-423b-9b06-c1e120091e34,serene.rocks,available,5.99,27.99,high,low,6,name.com,,,11/08/2026 14:51
6095c100-8ef0-49b4-b728-f51f28164ad9,outfitted.rocks,available,7.98,29.98,high,low,9,namecheap,,,04/09/2026 19:24
3916db6d-1ed1-41ba-9ba7-ebe0d8d64bf1,unrealized.rocks,available,7.98,29.98,medium,low,10,namecheap,,,12/09/2026 11:00
a443236b-823a-47be-9f0f-d05fe75ef503,lineal.rocks,available,5.99,27.99,medium,low,6,name.com,,,23/08/2026 14:16
b58f5013-85f5-479a-a5f1-26631061e678,aquaplane.rocks,available,11.99,21.99,medium,low,9,namesilo,,,19/09/2026 22:59
8686c85e-93df-4fcd-a593-7982fc683aa8,yielding.rocks,available,7.98,29.98,high,low,8,namecheap,,,13/09/2026 14:36
9f495e69-9560-4e7b-8e73-5a0a96951782,purses.rocks,available,11.99,21.99,medium,low,6,namesilo,,,20/09/2026 11:07
70dd247e-0d01-475c-9e18-5e104f74170c,stripping.rocks,available,11.99,21.99,medium,low,9,namesilo,,,22/09/2026 05:59
58c76a77-a040-47cc-a089-82f2f914d0ec,isfahan.rocks,available,11.99,21.99,high,low,7,namesilo,,,20/09/2026 14:32
a52a5207-9ffe-48e9-913b-222a7e679973,apercu.rocks,available,11.99,21.99,medium,low,6,namesilo,,,19/09/2026 16:30
b84943c7-7c48-4f07-9e56-3e692f614619,granddaughter.rocks,available,12.99,,high,low,13,name.com,,,
c1f470d3-f78a-4963-8eb8-26285cde112a,shrugs.rocks,available,11.99,21.99,medium,low,6,namesilo,,,20/09/2026 12:14
a90c6178-dc80-43af-852d-bd2dc6fbfb80,cottony.rocks,available,5.99,27.99,medium,low,7,name.com,,,13/08/2026 03:26
ae1cb23e-44ee-4283-a1c5-41ba7c9781b3,playing.rocks,available,11.99,21.99,high,low,7,namesilo,,,21/09/2026 16:27
ce8083e8-96e6-4740-b2ee-7727b4d98552,ardour.rocks,resell,,,high,low,6,IONOS SE,29/07/2017 17:30,29/07/2027 17:30,26/09/2026 03:58
1e47a10d-dc0f-406e-bc53-690a0511772e,ananas.rocks,available,11.99,21.99,high,low,6,namesilo,,,19/09/2026 02:03
9a06f7b3-cafa-48b4-badb-c84c6a25bef3,tailored.rocks,available,5.99,27.99,medium,low,8,name.com,,,09/08/2026 17:32
2bff6320-b2dd-4bad-82d7-1c470a1cec70,meager.rocks,available,5.99,27.99,medium,low,6,name.com,,,24/08/2026 18:02
30be3c22-6d1c-4f8c-9536-26d5617f23f4,xcii.rocks,available,5.99,27.99,medium,low,4,name.com,,,
acf411ba-48bf-42b9-859b-11ac4a581bd2,autumn.rocks,available,12.99,,high,low,6,name.com,,,
6ad0c09d-10cd-4061-a818-839905a6416d,noachian.rocks,available,7.98,29.98,medium,low,8,namecheap,,,03/09/2026 17:58
ceee3bc5-1b37-4c10-8eb0-776119e02048,alyssum.rocks,available,11.99,21.99,medium,low,7,namesilo,,,18/09/2026 15:23
1f13316e-5cc2-477e-a19a-770e1be10f06,insolvent.rocks,available,5.99,27.99,medium,low,9,name.com,,,08/08/2026 13:34
614c59a4-b9ff-49d8-b16f-b62066997627,divergent.rocks,available,5.99,27.99,high,low,9,name.com,,,14/08/2026 13:35
32a708a1-17db-4410-919d-b3f5939de964,withdrawn.rocks,available,5.99,27.99,medium,low,9,name.com,,,22/08/2026 03:25
bd7f0614-81ce-4702-a59e-7cbf3632413e,hans.rocks,available,12.99,,high,low,4,name.com,,,
492bd055-a433-4584-b6a8-42749da1b850,belch.rocks,available,11.99,21.99,medium,low,5,namesilo,,,23/09/2026 04:34
c8eac339-9ce4-41c9-b7ae-6ba52c594d43,unskilled.rocks,available,5.99,27.99,medium,low,9,name.com,,,
25173ba3-66f7-414a-b4b5-a03b785bf043,ionic.rocks,available,5.99,27.99,high,low,5,name.com,,,22/08/2026 09:29
f9145f1f-2d28-4886-9648-f1778d86973f,tenner.rocks,available,11.99,21.99,medium,low,6,namesilo,,,21/09/2026 10:53
4ad65cef-2c31-4dd6-8f52-44637b53a9b2,aspidistra.rocks,available,11.99,21.99,medium,low,10,namesilo,,,20/09/2026 15:15
a4db1a4c-72f2-477a-9eee-19f25ba82198,alexanders.rocks,available,11.99,21.99,medium,low,10,namesilo,,,18/09/2026 05:47
8db6c29d-45e3-4d6e-a8c7-43914a417c30,literally.rocks,available,12.99,,high,low,9,name.com,,,
7a79595f-7305-454a-9658-48cd2e2cd781,mightily.rocks,available,5.99,27.99,medium,low,8,name.com,,,24/08/2026 22:45
3490f4ba-56b7-42d5-9d66-195392b1ff5f,tenured.rocks,available,7.98,29.98,medium,low,7,namecheap,,,11/09/2026 11:43
dc490efd-db26-4a79-b6a1-1bb51cc6e7c2,locomotive.rocks,available,5.99,27.99,high,low,10,name.com,,,24/08/2026 08:48
749efa9b-0a64-4618-97c2-c1986f5b7d5a,civilly.rocks,available,7.98,29.98,medium,low,7,namecheap,,,14/09/2026 06:57
33da84b0-8ecb-4450-915c-3a7412303cce,woozy.rocks,available,5.99,27.99,medium,low,5,name.com,,,14/08/2026 14:06
def9d8d0-af70-4e1c-a20a-b3e9167e9a9a,milk.rocks,resell,,,high,low,4,"GoDaddy.com, LLC",23/07/2020 09:45,23/07/2027 09:45,26/09/2026 07:33
cec3c31c-fe91-4fa2-b284-fab8ae206c35,animality.rocks,available,7.98,29.98,medium,low,9,namecheap,,,19/09/2026 08:40
d5d5d0d0-f656-42b0-834a-4001c3498864,acerate.rocks,available,7.98,29.98,medium,low,7,namecheap,,,24/09/2026 08:17
177741bb-746e-43e6-ba5f-67955bb58c71,smashed.rocks,available,5.99,27.99,medium,low,7,name.com,,,09/08/2026 15:50
f65e16cd-7937-4bb1-a134-ffdd5df40cfc,recurring.rocks,available,7.98,29.98,high,low,9,namecheap,,,09/09/2026 11:58
f8db7a26-0a64-48d8-9d44-363d0e0f5fac,who.rocks,available,,,high,high,3,,,,
ad70bf19-80c6-4fff-bb62-0d247fa357c2,oversexed.rocks,available,5.99,27.99,medium,low,9,name.com,,,21/08/2026 09:17
f90b1218-e867-4d45-aef4-a67c908897c3,unwonted.rocks,available,7.98,29.98,low,low,8,namecheap,,,12/09/2026 22:48
7bc5b44b-7b73-4256-a25e-ab1ef81af7cd,decreed.rocks,available,5.99,27.99,medium,low,7,name.com,,,13/08/2026 22:14
28507c74-85f7-4656-8170-9207bbab6f9e,anglian.rocks,available,11.99,21.99,high,low,7,namesilo,,,19/09/2026 06:48
3a9b4329-e0c7-4f0b-8be9-3e3e36fadea3,bacitracin.rocks,available,7.98,29.98,high,low,10,namecheap,,,21/09/2026 14:25
03fb1ae8-9d42-43a2-9300-df1e6f1a6d14,diffusive.rocks,available,5.99,27.99,medium,low,9,name.com,,,14/08/2026 07:10
fdb8e679-f67e-4078-8c8a-08f8266c1bc3,cease.rocks,available,3.6,18.02,medium,low,5,porkbun,,,27/09/2026 12:23
6458f5b1-334a-4cd4-aedc-3f30f6531421,noticeable.rocks,available,11.99,21.99,high,low,10,namesilo,,,24/09/2026 07:23
9efc4b6e-4354-4eb5-9ffa-98c89d0873f6,beanbag.rocks,available,7.98,29.98,high,low,7,namecheap,,,22/09/2026 20:20
972b2a1b-3c3b-4773-bb35-e1f6e460152f,asserted.rocks,available,5.99,27.99,medium,low,8,name.com,,,07/08/2026 05:54
625d15a3-497b-48e5-a704-d7e4173a3e99,humanely.rocks,available,7.98,29.98,high,low,8,namecheap,,,15/09/2026 01:17
b01f4fd7-9869-4e58-8d27-f00035a4cfcb,sending.rocks,available,11.99,21.99,high,low,7,namesilo,,,25/09/2026 10:37
9523b844-45a5-4bbc-a0cd-9cb4b3f4ed96,castrate.rocks,available,5.99,27.99,medium,low,8,name.com,,,16/08/2026 07:07
7cc5d3eb-520a-485f-907d-8be8a16b2f90,accessory.rocks,available,11.99,21.99,high,low,9,namesilo,,,21/09/2026 15:35
5260b762-e1f3-4956-b04f-89d23908825f,georges.rocks,available,7.98,29.98,medium,low,7,namecheap,,,25/09/2026 15:05
e995cba4-29fb-4a60-a633-0cb759c1b36b,arbitrate.rocks,available,5.99,27.99,high,low,9,name.com,,,22/08/2026 08:17
5c40621e-b8e2-4c0e-958c-a94a57135c32,admirable.rocks,available,7.98,29.98,high,low,9,namecheap,,,21/09/2026 18:46
c4b3f64c-c404-4940-a359-75d8c2b0f8c8,mavin.rocks,available,5.99,27.99,high,low,5,name.com,,,
edf6c227-98bb-48f8-913c-52f3675e9662,sectarian.rocks,available,7.98,29.98,medium,low,9,namecheap,,,10/09/2026 01:13
c940f7ad-0e51-4e8f-b185-bdcb47deb8c9,honour.rocks,available,11.99,21.99,high,low,6,namesilo,,,16/09/2026 22:47
8b95de4c-f412-418f-9afc-9365ef7ea57b,drinkable.rocks,available,5.99,27.99,high,low,9,name.com,,,14/08/2026 19:23
9b2e7173-6f25-417a-9dc6-88d747596050,approaching.rocks,available,7.98,29.98,high,low,11,namecheap,,,25/09/2026 11:21
9c70c0ec-88d4-49e8-a1c3-73e2853f7a8c,refulgent.rocks,available,5.99,27.99,high,low,9,name.com,,,15/08/2026 16:26
05fd1e3c-bd1d-4526-a385-6938c6f51ec3,settings.rocks,available,11.99,21.99,medium,low,8,namesilo,,,17/09/2026 13:18
616dd6e1-8a2e-4746-b67b-d78c36b660f8,arabian.rocks,available,5.99,27.99,high,low,7,name.com,,,06/08/2026 11:05
9ab8070e-ff4f-4450-b576-818c7e455d62,soaked.rocks,available,5.99,27.99,medium,low,6,name.com,,,09/08/2026 15:52
642b92a9-9387-4565-8db0-6bfbc285329e,drogue.rocks,available,7.98,29.98,medium,low,6,namecheap,,,17/09/2026 21:47
29be16d0-38ff-4cf6-b481-bc8c88c18988,billhook.rocks,available,7.98,29.98,medium,low,8,namecheap,,,23/09/2026 16:21
3f0121ec-500c-44b5-ad35-8a02f67099a0,tappan.rocks,available,11.99,21.99,medium,low,6,namesilo,,,20/09/2026 11:08
2a758952-df30-4d2c-b4af-4f60214de420,heart.rocks,resell,,,high,low,5,"Spaceship, Inc.",06/08/2014 17:00,06/08/2027 17:00,26/09/2026 06:37
f4684cdb-e4b9-47f4-9b1c-d26169a5881e,james.rocks,available,,,high,medium,5,,,,
91ba0b74-62b3-4178-8cb7-97efba0ed8d6,recognized.rocks,available,11.99,21.99,high,low,10,namesilo,,,21/09/2026 15:28
400b4fa5-236a-4e2d-895a-040ec2b03b36,screening.rocks,available,12.99,,high,low,9,name.com,,,
2b88cef2-6ca8-4424-8c7a-941420e45d6d,understanding.rocks,available,7.98,29.98,high,low,13,namecheap,,,25/09/2026 11:47
b39926f6-f64c-42b9-a0f0-11ebc38b63c2,comforter.rocks,available,11.99,21.99,medium,low,9,namesilo,,,18/09/2026 10:03
32135738-a3f9-4e62-b6df-fac9fbd1e168,joan.rocks,available,11.99,21.99,high,low,4,namesilo,,,25/09/2026 11:39
df0b84f5-d6b5-42ca-a77b-04f09443a08c,hesperides.rocks,available,7.98,29.98,medium,low,10,namecheap,,,20/09/2026 21:44
2d3e3218-425f-41ac-a08c-9ced812e5f0f,tactile.rocks,available,5.99,27.99,high,low,7,name.com,,,21/08/2026 00:02
406c869a-61f1-49cf-befb-4847c916ffb8,tardy.rocks,available,5.99,27.99,medium,low,5,name.com,,,09/08/2026 12:42
7ad5de5a-5da8-45b3-9e10-3794f0740d7d,baht.rocks,available,7.98,29.98,medium,low,4,namecheap,,,21/09/2026 18:46
b6f987b9-c136-45a9-b441-c291789f02c5,menial.rocks,available,5.99,27.99,medium,low,6,name.com,,,24/08/2026 20:12
2da666da-e89a-4370-8ba8-094d5f4ffce6,literary.rocks,available,5.99,27.99,high,low,8,name.com,,,24/08/2026 07:24